program,problem,arm,language,source_sha256,input_sha256,execution_id,Omega_CC,Omega_hat_NativeTrace,Omega_hat_StateSize,Omega_hat_StateLoad,state_measurement_status,Omega_hat_NativeTrace_relation,Omega_hat_NativeTrace_reported,Omega_hat_StateSize_relation,Omega_hat_StateSize_reported,Omega_hat_StateLoad_relation,Omega_hat_StateLoad_reported
atcoder/abc301_e/post-loop-state,atcoder/abc301_e,post-loop-state,Python 3.12,70ee92cbec8a3b24c83050602010ccb1b82e29e0ea0150c7473270f9ef070430,4ed7bce4a067b244cf282cfa33b19a9e40e7613ac18dc42e50f5c257878a31d8,sha256:9d2e8b414dee4d3bd2e3ad103b31c1df8b25bb0e417ef0d8f7f263073337f4cb,45,1422944,11662,1957450842,EXACT,=,1422944,=,11662,=,1957450842
atcoder/abc301_f/post-loop-state,atcoder/abc301_f,post-loop-state,Python 3.12,8a6f2451b18bcaa6ced29c31d234f0b60d6ce0a3025dbeadfdbc7212cff79578,2cb7b5d6eaf8efe6da68df7c5b912fe6de4676007315612031cdf6f17710212b,sha256:94482f1ee29d881d157e2a16782f0b00f99ffffc10f5a15d218c68546b221c44,16,51709,162,887363,EXACT,=,51709,=,162,=,887363
atcoder/abc302_f/post-loop-state,atcoder/abc302_f,post-loop-state,Python 3.12,2f5700d190d8d158b0f25222ee5f61ed2dc2358c86fbfa44ea7084aad45567a7,29a745191a5be4d142a42db64b5468c3159a4c4f5f93f68340f5e95cd3def49f,sha256:6785fb4cbb2f828f3620eec62832e60d6733c54f60d79d2044265f6ee7874d8c,19,89526,8056,89639927,EXACT,=,89526,=,8056,=,89639927
atcoder/abc303_e/post-loop-state,atcoder/abc303_e,post-loop-state,Python 3.12,c840bb137873505fe106516e2917045518acbd121f7ea0066509a1e63d6779c0,4f7fd4c17669a5b5c51b124d9472b6721e2f6958e195639204608f9b677747d0,sha256:1f038d93ee33c9ace99872e1b53452a436562fe0568afa5de026068d8bffea25,31,82253,7028,56388630,EXACT,=,82253,=,7028,=,56388630
atcoder/abc304_e/post-loop-state,atcoder/abc304_e,post-loop-state,Python 3.12,8624a457bced8eae4e7a803d571457285255cfd5f5be665ca2bfd439fe19f759,e723bea23afc6d4edcbd4ac033616ece1171858e1d7199fd7c1aa3405ac1e018,sha256:9e52e95e50270974a98be59137e86e8366668ec740ba1e89bf78cdf5e500751d,24,106480,5025,98799984,EXACT,=,106480,=,5025,=,98799984
atcoder/abc305_d/post-loop-state,atcoder/abc305_d,post-loop-state,Python 3.12,3520b88e5891520b8eb80cf6bf154af44e511dd2b2a34b25f2b4ae2f16e6b3b8,b6d951186062c33fe64e0a223106cd5d6133a7a9322b227f5191a788e9ddffe8,sha256:611c0ed8ef991fad1f9d689f88a5775c4a0549a7e264cf4bdabf7e58272b7caf,10,139469,5053,112358675,EXACT,=,139469,=,5053,=,112358675
atcoder/abc305_e/post-loop-state,atcoder/abc305_e,post-loop-state,Python 3.12,26bea0844598abe30f08c4664712dc4fddd52e01bd148a187356270757f82ba0,e62d7d5fa1564f8e4c8da53bb8d7f006bafbf58de2db821943c90d0ffd1f995e,sha256:5c651c91955e31f5011bea785444480d14a812287dff4ef242f9287c4931f210,16,74785,6042,65644415,EXACT,=,74785,=,6042,=,65644415
atcoder/abc306_e/post-loop-state,atcoder/abc306_e,post-loop-state,Python 3.12,0bafc8b4bb75d9fd6afc5fa0977e384fd7e4b329746ea23594d37589440be54e,c07b54c265b2196b271cdae7afbe9a8580a4dd9a599ee1dd9196db3b384d8ba3,sha256:8d187cdd64b6db8f7749ced3a4e67b49047021e64ba0b07a2638cef3146f78f3,20,262764,18198,725019950,EXACT,=,262764,=,18198,=,725019950
atcoder/abc308_e/post-loop-state,atcoder/abc308_e,post-loop-state,Python 3.12,75f22ac2bdf869db08c5b54c2e2345904bfea5d4a57c96c93601c4a2bc502def,52be2ab5fa410d0ce34ee33beb99e8ae347124862ce25ee3a337bc6d15bcbce8,sha256:6ed1835b72a9ee800505b23cfb66224fa0f27c0e9e2bc2e01b0217dd0b3e6795,24,55116,785,4894334,EXACT,=,55116,=,785,=,4894334
atcoder/abc308_f/post-loop-state,atcoder/abc308_f,post-loop-state,Python 3.12,403446286e60c2c54671123b2cc53adf4a095fd9f7b7437e85f0224e32575e54,7fe2e33d5bfb0186a7543f3921b2e2e97805f12e3b58afb5c9af7cafdb98bb90,sha256:b3a5a59621d2bc9fbaf05a191bebfbdd4e016363839b60681cce0e7370ca6a21,7,71208,13820,132862256,EXACT,=,71208,=,13820,=,132862256
atcoder/abc309_e/post-loop-state,atcoder/abc309_e,post-loop-state,Python 3.12,b436f6cffd9bd65e6488b7360f4801e1e4af60d2cf0eaaee07b609b59f4eae86,8466420d866b814e4e656d38fdd1e8a9de3c74004718a181631a3186d1feaa01,sha256:a3e092da6d3d6780cd7ff3942620b416ba5f69b0c4fa5600d459e1bc7cb9bc7b,10,70281,4028,49951321,EXACT,=,70281,=,4028,=,49951321
atcoder/abc310_e/post-loop-state,atcoder/abc310_e,post-loop-state,Python 3.12,ae1b80ca0acbc6919e052c3171e73f7ce61d28e953ea49c53b276a8bafe6875f,693c71cbd6125a14fbc5edc5fa614ed1fc473de717a03ff49f9ed995e788b95c,sha256:dd436cb30572699525402e3f11c18a68fc2c7c82523b5adfe0225c041b4eeaae,6,31648,1017,7144368,EXACT,=,31648,=,1017,=,7144368
atcoder/abc311_e/post-loop-state,atcoder/abc311_e,post-loop-state,Python 3.12,b4c6defd63bed2441cfa34655f56052c580e15a35a933bf3c47b9c04ad5637c6,0030ade332320828e470d0adcf158b7b263177fe79a57c75fe8e2ccfafafbd35,sha256:3dbd3f1229181c9301942bd0c0fd077771e000cd2ec9dab3d3ff10ddf0c82dec,9,59291,4035,20270012,EXACT,=,59291,=,4035,=,20270012
atcoder/abc312_f/post-loop-state,atcoder/abc312_f,post-loop-state,Python 3.12,038f5980f9f19a69f16a42ebda1c3d38917457b4094130d3825ac1eb8698d42f,744dfcefe33e4ba0f707b1d096d256d2222111cc889415918b40b3a8f8be2f83,sha256:ec380f2c08e3e1fbb7e8fc9571a2bfd35ac679f52b2774a7799684923c264993,21,36840,4447,35639552,EXACT,=,36840,=,4447,=,35639552
atcoder/abc314_e/post-loop-state,atcoder/abc314_e,post-loop-state,Python 3.12,07c8b4c953cf635a5048591be407cd7a5457237ec8e31810fac77ff33647cc7e,45f6f9ca50dd229081b0cc62a223f986fe60bab8197d409a2432ebc7d4e5948d,sha256:3dba83ec8af53a0f2798565fde2324a4989246821e3435aa4e3d1f43cbda7deb,15,25425,121,449173,EXACT,=,25425,=,121,=,449173
atcoder/abc314_f/post-loop-state,atcoder/abc314_f,post-loop-state,Python 3.12,e8497ef0e17f01cf3c0c5370bda61f9281697befb46c8d71111d4802e71fad86,83784555b4e8cac9309a8360a2fb36e399607e825bed9f1d3982c46194e2d05b,sha256:1aea1d4ff26dc6adf821f6053d1f10034438747679b676616eb4dfa78efe96c4,12,122449,9470,213826086,EXACT,=,122449,=,9470,=,213826086
atcoder/abc315_e/post-loop-state,atcoder/abc315_e,post-loop-state,Python 3.12,f2d674307d7b1e58baaeebf06b7a6a54e96c29b15ecc838867bc72aeebb6e896,2c17b54b29fd326d8d66c8e85eadc2fd31c5d381529aa30efe6ebc4b5c5ca102,sha256:8202f2d18bd0afce166bbb36acd62f83c84de6dbf7abdc38837c8ef15cc6223c,8,47224,5018,19673863,EXACT,=,47224,=,5018,=,19673863
atcoder/abc315_f/post-loop-state,atcoder/abc315_f,post-loop-state,Python 3.12,3fc5c6bb8a509eea612373bc4daab9cd8024e24f1c05a3924bc91bda229c128c,fd90fa7a3f7ecdd8f7aa490ac2609342d84f28138fbe4f3be811dbae9b08ed13,sha256:e98e9e34f62a20d64b1861f3f09e97202bfbca31143c88b61ba55636cafcb7ee,10,70677,317,3868185,EXACT,=,70677,=,317,=,3868185
atcoder/abc318_e/post-loop-state,atcoder/abc318_e,post-loop-state,Python 3.12,a3e0788c0b6207db9c0f48518a934b7744d9151068db93b42919b1e1c4968245,6bd3e2ce5bb252c7f2c9d996333d9d8f5cb45d172b344c39b24d08a2a846305f,sha256:03ddfaebd8b7d7762649df9e0893f4c2e360cafb0ee9a71d5f4ed0b92f9ccb39,7,84299,6023,50369673,EXACT,=,84299,=,6023,=,50369673
atcoder/abc319_e/post-loop-state,atcoder/abc319_e,post-loop-state,Python 3.12,11dc957df494daec59ff89f7bdbd257662333bfcbd74ef37378332f073c51049,64c842c2b5ea681aacdb17290e1d340349ea4ac47dadfdeba6b7465f990a1fe1,sha256:69bc967217dc953bd051f714c71785752e42c4547f6ea5e09696e4020639afe6,10,94696,2541,25633921,EXACT,=,94696,=,2541,=,25633921
atcoder/abc320_e/post-loop-state,atcoder/abc320_e,post-loop-state,Python 3.12,1278229e1cd79dab6caee653f136c4c6646199dee7822bd868b4efedb9dc3674,32ab6c1e7aecbe8fd7bb101000496143cf1b3330fd54f798446012d5461a6e5b,sha256:8ad8dc44dcc532063811e4cc75b605cc773d1837c3e902173f10edbd8be801a9,9,111311,9920,190644486,EXACT,=,111311,=,9920,=,190644486
atcoder/abc322_e/post-loop-state,atcoder/abc322_e,post-loop-state,Python 3.12,e8d2117ca43b78c10589552939f7bdc7a2fec52b0b5cdc0d90e6e6dee72808b1,bddf04cc55be816af5b0f6411c1a9fec604a125ab2f1b39796791738a21d64b3,sha256:222869a4987f75b9692ba4abd2de30e4c66379e21072416c6d7c2010e46b4868,10,39421,882,2278793,EXACT,=,39421,=,882,=,2278793
atcoder/abc323_d/post-loop-state,atcoder/abc323_d,post-loop-state,Python 3.12,675b9d4a8920c0b904c62c23abb75ff6b183856f13285dd59e036574fa3c56de,f19d37ac8310a921e2a5d3c6a7c6d505a8687bf48e9d757815ac1f36d80276e9,sha256:9a05b49a86f0d8fe61a662d7c9133d3307bc7ba442a7364d8193defaeee6acb1,7,121347,8980,116157796,EXACT,=,121347,=,8980,=,116157796
atcoder/abc323_e/post-loop-state,atcoder/abc323_e,post-loop-state,Python 3.12,70bbba2dc617f129792aec1bf6270370bb1076295f7d433fcb5f1eb66890b5bc,c58bfe86dd79845e8c5bd7c478ddf2d66fb2f692f55e1ef0b976958d6a2e4411,sha256:93da2ceb5130eb7461fe00c35fbd4d1d8269d35b7a386f5fab6fbf31cb784074,9,49286,513,2316732,EXACT,=,49286,=,513,=,2316732
atcoder/abc324_d/post-loop-state,atcoder/abc324_d,post-loop-state,Python 3.12,e1c658a208f02e6314f45db97d47ddf87dcc2d29781ebb1c35adcdc15a98b907,c9feecfe0bde1544fc5d6e610cded71dd1b502198836690211a21546c853748c,sha256:ab2cd340252d0025ff365097fb528cc275309e7152332ffdec0c432802535ded,10,173409,54,1631273,EXACT,=,173409,=,54,=,1631273
atcoder/abc324_e/post-loop-state,atcoder/abc324_e,post-loop-state,Python 3.12,e16e2461f1389c0dde49381a5b19d7fff5d60436661de9bbc4f76ff445c94e02,3ce351d8d2113bc5b872bba966ec6d7d9f9a7a76e972d7734aa917164f718ebe,sha256:4869c92b19093b21c735f607389b54b830495ca7123c07c7742d1944bf755680,15,46662,808,3690224,EXACT,=,46662,=,808,=,3690224
atcoder/abc324_f/post-loop-state,atcoder/abc324_f,post-loop-state,Python 3.12,aea21f357afe83789ad14ef2645465cbd7193fac77232eeae49a240515f9447d,656ee1df873a08a5264b0ea68497a38258e9ae6e32f16589d464a89aead0ec31,sha256:1069d20539cacd8682d0078b25462855a1f7a0b052809dd4babafe633e9e42d6,12,104132,179,2594564,EXACT,=,104132,=,179,=,2594564
atcoder/abc325_d/post-loop-state,atcoder/abc325_d,post-loop-state,Python 3.12,0e33fa20ec28ba050c9ae47d78baf4297f3706d4c1792b12293f4a680131d243,f7a71bd4ae00fa03c62e5bb16f22e4a165677d48c0771a22bf07fce1e9a89065,sha256:6eb7c300f7dab240c7a62c7e7e81f824d911018546cdc6cc4ddd90a1780f2087,11,132191,3016,40762783,EXACT,=,132191,=,3016,=,40762783
atcoder/abc325_e/post-loop-state,atcoder/abc325_e,post-loop-state,Python 3.12,0c060d23c22a94762bda0de343ffd1df04e46ee6898c4999dfa83aed0861e027,b4e3a386ee40b7d3fd9500a013d8eca3cddf2393626a9a3106bc5be4cd91179c,sha256:55fa73a51206ceac09c71854840d02e0b45aece2fddfc6c8590c5d56bd3c9033,16,67992,3176,17954241,EXACT,=,67992,=,3176,=,17954241
atcoder/abc325_f/post-loop-state,atcoder/abc325_f,post-loop-state,Python 3.12,664527fc826f7bf53f465aa718a35a9ec83afbd3dbe2c40eab0d02ce44d945c0,01c5e3445865f91bb8cdfbbc5233d0916b2b74cf305201ebb0a17d3aff385f88,sha256:2516c0d3e708e8e8824dbc694df8493bc9e71b5ae6d6cd50b221ac6386919d24,11,44952,120,848106,EXACT,=,44952,=,120,=,848106
atcoder/abc326_d/post-loop-state,atcoder/abc326_d,post-loop-state,Python 3.12,10e1b246c78c80fc992eb3d14a81f310d3a22d11b7260e9c1f78dee939916346,1a875107a24c4fd0394f1a8136d4e05458c188da151f9353662f30ab2aca8b25,sha256:4f86eece785e66e74920e66efe617a5c414e59b3313b828370524f49dbe905fa,153,81670,48,345360,EXACT,=,81670,=,48,=,345360
atcoder/abc326_e/post-loop-state,atcoder/abc326_e,post-loop-state,Python 3.12,2ce08310b89796ddaca1dd39edbe44bfd59544236868941c95be2d6e33d7087b,606c0ce9f6423214e1a56a26f77ccd7c70e4b0455e6d93879660c497469dac6f,sha256:09acc23eea4d7bb9473887e98daa267edb4b980c2565c2b8d5622b4217d8055b,4,43190,2011,12110234,EXACT,=,43190,=,2011,=,12110234
atcoder/abc327_e/post-loop-state,atcoder/abc327_e,post-loop-state,Python 3.12,ffed3a6572178bec6fe14934de86c2ad909dea71da32406a84cb07455206e9fd,67352f61438d869f450d8d2f01d01aea8347a73ce8902f9071970834d0e5730e,sha256:faf81d7ae8ad1e24be0c4f19fbae0eaeaa0ed986174fc72577477da31d74df60,5,35079,96,406606,EXACT,=,35079,=,96,=,406606
atcoder/abc328_d/post-loop-state,atcoder/abc328_d,post-loop-state,Python 3.12,6f235a3bd18a0b33ed7c64d21635d0852660d98a10ecfb687aa79b1be5c156a4,6df6321802fc5967e716b3fd01fcae41c29b14904edc8a25e9ef11845d9c5b3b,sha256:dfb4bcc2cd034789bf2732df2e1315622c079c90669ba848b09962eed4d92406,6,35768,1010,5737699,EXACT,=,35768,=,1010,=,5737699
atcoder/abc328_e/post-loop-state,atcoder/abc328_e,post-loop-state,Python 3.12,7f1e1ffdaf3e5ee28a67a60cdff135a574cbd18beb10dc7899dadbecfad1402d,5d0f41f93abfa8cdbfde4c765724e04a2aab4f7398bed2b09c431742b5685948,sha256:fc0d53191c11d90b2d5cbf87cdf8922f9ce69b1b0f2d3515799cbef398bfd9ef,12,79327,133,2641580,EXACT,=,79327,=,133,=,2641580
atcoder/abc330_e/post-loop-state,atcoder/abc330_e,post-loop-state,Python 3.12,162fb98e3363e92936d64307075d809472cc57d3a2edba66fd59697771ca38ce,2c94ad4374aba0a7f69f8d53dbb91762c998fb5601fb14103c54e06516b79c78,sha256:2b89ec8b9cef634d2673c217d68d229d2302bdba640da8c067a4efd5a2edb74e,51,81261,3216,27876456,EXACT,=,81261,=,3216,=,27876456
atcoder/abc331_d/post-loop-state,atcoder/abc331_d,post-loop-state,Python 3.12,d772b734d6776a534aa2c3741aba7d21d68301118397a8de8a92170eaef37f9e,826c29587d81b2cde57fb2c9bf06769fbf5e955bc5fb3b77b3bae483ca0a8a91,sha256:f03857f50f72f873f4748d5eeaed83dd2cad2ec160425af2fba8ed02ff1a0008,15,65922,2323,9318185,EXACT,=,65922,=,2323,=,9318185
atcoder/abc331_e/post-loop-state,atcoder/abc331_e,post-loop-state,Python 3.12,5738cdc9a9da8d0da8b7599fed73c765456f8824ab65261f764fbd98ca0e094a,8d900755d0d4d8818c41d4eac16ac14adac391740634b7a8c61119850faf3287,sha256:1dc5bee7a2d0bf9efda4d2b26e1f9ecb6d6ac10765e082e218218cb45a151e40,9,58177,2018,7616815,EXACT,=,58177,=,2018,=,7616815
atcoder/abc332_d/post-loop-state,atcoder/abc332_d,post-loop-state,Python 3.12,509e238c23bf633e7c1ff333360d3601354e81c0d34c6c9a5d2018d78e428b10,ffdfc0092fd0a975d8fd35b9417a97df3e97af627fb6691d0b99e4ed782c3f56,sha256:0b8250be18dffa9b608266f4b023fd4a10044e1ad5b3db5438c606652cd37aac,20,68454,174,2233897,EXACT,=,68454,=,174,=,2233897
atcoder/abc333_e/post-loop-state,atcoder/abc333_e,post-loop-state,Python 3.12,fcda798d0c89d7cfc3ff3e523cd16b538f7513d2c923d6166e5c7f9d3ccb0fed,10475cbc04af770f693a6222352d2c09ec83ca8fc1d381218fb6e76e5770c7e8,sha256:9f60fbb19febdccf659f9df8da35b2ca933658fe146071bb9b881f7c44645ade,10,83798,8533,102195137,EXACT,=,83798,=,8533,=,102195137
atcoder/abc334_e/post-loop-state,atcoder/abc334_e,post-loop-state,Python 3.12,0f8b0c20f0c8cbba5ec3e47204ab39eda2a6cef05bce77f2562e648c7ea5a016,50e54e6e22af795d54893409d0608def56a7d44c38c42597194814fe4932ea5d,sha256:c4ee738e063c9d13eab11b71f5a638838fb5a3cdd3de13d4d8add0630c06d057,26,73631,1292,9715246,EXACT,=,73631,=,1292,=,9715246
atcoder/abc338_d/post-loop-state,atcoder/abc338_d,post-loop-state,Python 3.12,6fbaf99312d5b1558455bf011e66ef0a4ab08700ae2e034414f1d37b282fc495,8f35de797b532f14a974bf0bbc831551ac7ed4a8f82c769f3351a5e2220f9942,sha256:eab1e9ca4ebfedd1e6e6d2f4a3ac26e1fcfc9a11f6e7a221ff0b82514bba5865,14,155360,10050,203481093,EXACT,=,155360,=,10050,=,203481093
atcoder/abc338_e/post-loop-state,atcoder/abc338_e,post-loop-state,Python 3.12,2eaf5ba21867d1ff7eeb5bbe30cbd0524322d09724b395d27f501bf2be892eea,eb4fe2f3a647fdb993b13b961c35b2b97fe2d7e2b08e5d8f4d4535dd79a7338a,sha256:90ff1ed462351345b440d73f8321a2617cd7c074544d9efaa4719a73c966ba90,7,59710,8029,72700673,EXACT,=,59710,=,8029,=,72700673
atcoder/abc340_d/post-loop-state,atcoder/abc340_d,post-loop-state,Python 3.12,74a9b8c325c337315ea7ef1480871b9c56ec0c1460a6cf9ee25748a60b6ef0df,effd6dcfe849cd482e169bef60190be75dbf814c84d1c527500e8d96be5908c9,sha256:e1a4ecf918a229f8fb4b5570e7f7fd1d03728bc67dda80c3eb584f3d2f1dd4b7,11,141280,15940,215571662,EXACT,=,141280,=,15940,=,215571662
atcoder/abc340_e/post-loop-state,atcoder/abc340_e,post-loop-state,Python 3.12,0f2824e198331b93edda43ba651384e0834ea218661b0ae56228cf574dc2829b,000fc80620c60ec06130c77bcf502d1cdb6a09009d32f586c8181b6e0f90196a,sha256:c29e0cdcfb0700eb7c6dd4856387468e8b0fe679147e7c5fab79a7a0bec9b3a9,9,888796,2122,237122958,EXACT,=,888796,=,2122,=,237122958
atcoder/abc341_e/post-loop-state,atcoder/abc341_e,post-loop-state,Python 3.12,93426ac873287739efd017b08abf3f1baf5b9247f27a3082f48e4dfa5b8f635f,12a0ab6c0d642b9233b4e9fe9bf96dafc9e5fa5d7c67a0ed44f74bdbaa96543b,sha256:b5331626320f837e9bb710f6da729f28a45ce89b9962c9e9120d6d505bc46092,26,127007,6074,90867557,EXACT,=,127007,=,6074,=,90867557
atcoder/abc341_f/post-loop-state,atcoder/abc341_f,post-loop-state,Python 3.12,cd2259d8cee689d71ca5e6fba849ca9611b96c3cc15f22ef0099807fc4943fef,6b367acb25a7ba4cffa46bf7ef1f15ee92027d7fda8e5873aa7416fe5f18e600,sha256:1fb0a066be9b67d262c2cc05c934b34eb83e6356c3ee5be113355f7696a94030,20,193505,18068,519322131,EXACT,=,193505,=,18068,=,519322131
atcoder/abc342_e/post-loop-state,atcoder/abc342_e,post-loop-state,Python 3.12,4f8bfe390660ef665630037ca716021309c4f5fa7d54b18619d29d4cb03b49ba,9955d494a272a0345f15599650a8e369f75d6571b08ed649af68e408ef4da22c,sha256:f1452cdc6bdf5dd5f346e4187f03ebf982da68eb63c09eec9abfa85ea9fc0988,13,125409,26858,628602041,EXACT,=,125409,=,26858,=,628602041
atcoder/abc343_e/post-loop-state,atcoder/abc343_e,post-loop-state,Python 3.12,90f60fe2979ed5b4d82805640c8167892710bf237c68eb08a456c62b8010c0c4,bb314fca238dd4068af9ba71b334f57d3987325f3cf950ec65c56d192b0340e2,sha256:5d9a019c9648c0a1a37b0dad27be945f0e86faf3594d1f4b06781e96c0ce0c17,11,310884,28,1721213,EXACT,=,310884,=,28,=,1721213
atcoder/abc344_d/post-loop-state,atcoder/abc344_d,post-loop-state,Python 3.12,d29f2b1468b289a8152a8c7deab1bd67a53503a90db69f03e3c894448d5cf3c7,79d9cf26010aadaa4e762ff8efa8b74c08e51bda94f29a3966ca626bb82280b6,sha256:01320a4df5ec8b95721d31f8d8943aef3e3538ff0d279c9939879d1a2dc47056,11,72550,1301,9685393,EXACT,=,72550,=,1301,=,9685393
atcoder/abc344_e/post-loop-state,atcoder/abc344_e,post-loop-state,Python 3.12,d9c4d99fbd1452e6da9a5c56fe7a1137efd3924f431e11e0bd9d146283b09192,37ad33fcec76a376b0666197b5ff8731fd7d883b9d5b035e5d396369587c6a72,sha256:98f03e91ce6c94da0e185ba747a6dd23f0ebdd8454c5dbbdd701507d7b7333b5,14,58301,12856,91473779,EXACT,=,58301,=,12856,=,91473779
atcoder/abc345_d/post-loop-state,atcoder/abc345_d,post-loop-state,Python 3.12,553ca8fc104db52ffbe20d7e52347bfdc9076f817fe910c8dd75c351aa7741e1,6b25f5915bcb37cb40d4981fbe9826bd0a770c456d0ec7ff94b32d32bfac32ab,sha256:73c9d7aedecc910525d508455afab2eea3337ce5bcb9cdc415d9f406f06621d4,46,174067,106,3159641,EXACT,=,174067,=,106,=,3159641
atcoder/abc346_e/post-loop-state,atcoder/abc346_e,post-loop-state,Python 3.12,f99cd56b9c1b2a16af4da362dcb5053b4e9e50dadc0940815065b21367cee24b,c93e4e724b615c31b0a7e32e44731eec4dd6015cadac0e499935abed9a8f7b1c,sha256:e2ef03856201fad1e81ead7d7292711f2693ddd1c4c23948da0ed71b3bdb3513,18,7019689,402020,483031628333,EXACT,=,7019689,=,402020,=,483031628333
atcoder/abc347_e/post-loop-state,atcoder/abc347_e,post-loop-state,Python 3.12,76b69bf4481b0d58d88901bfe7019ecd32539daea2b0e812d64ce472b2c4b9ba,44366fb0dcff2f71a51855acf8bbb32ca6aaa74541402c8c408de36d04040923,sha256:7c11947f3fe442f2d162d4c4e0937780c933d6c3a78a0a09d244b9fde46a9cd0,5,50197,5023,37791033,EXACT,=,50197,=,5023,=,37791033
atcoder/abc348_d/post-loop-state,atcoder/abc348_d,post-loop-state,Python 3.12,e6e55fcfeba783eab5648acc5db1ab9f54d6b302f21fc215d4c77c3c1dd73f38,b9ebcff4b116ce07332eaa8511429051ed16f0d095b900105429f838cd9379a8,sha256:d4ff90337437b269928fee900b925202f2d22d650ba612f16e8434fbd63a4273,25,110624,4377,43875819,EXACT,=,110624,=,4377,=,43875819
atcoder/abc348_e/post-loop-state,atcoder/abc348_e,post-loop-state,Python 3.12,d3a73b16f9e777a728c371c5dd967d44440d44499e8277a3a93e8bdc6e2a9afc,38d5eb629109b3570f27a6131fec87bd961781904936a9052839f2712cbbf19d,sha256:650342b8bb9db0e5ed032b6875b36148832176ce01c83211cff683983ec32c29,10,189581,18851,499746723,EXACT,=,189581,=,18851,=,499746723
atcoder/abc349_d/post-loop-state,atcoder/abc349_d,post-loop-state,Python 3.12,11b51b1bfc18c95df867a70d6d47639385d9e70493252e55fc91ccecb38d6e75,0b7774467a31625e295fa8cccd37d8b6bc1f1411b0007dd0d2078ddd3dfd6145,sha256:aa273fe5b8194053b7e1319bb7dec7d35d7efff66ddd376ec9dd4ca1895f38fa,9,24825,66,78979,EXACT,=,24825,=,66,=,78979
atcoder/abc349_e/post-loop-state,atcoder/abc349_e,post-loop-state,Python 3.12,24708f7aa35c1dfcafe68d5c2a2f1f0cb793c5cf45d63a5e86794e2a4c564052,b48fb22d4ddb47d3c25231a941b83df7ac7f0ff4240dd08751f73709455ce243,sha256:1a8f6be701c37f49edff6d0070a496eadf004deb5972d7aa49ba9a23145fda7e,36,190133,307,8159590,EXACT,=,190133,=,307,=,8159590
atcoder/abc351_d/post-loop-state,atcoder/abc351_d,post-loop-state,Python 3.12,491f2cd17aee3b2505d37b562f444c6ae51c6968e883c588946fc4a082c8f26f,f07259df54f7a4791dbb588dc62317f98cab202c57faed105a2a79656ca10925,sha256:3887d237b1a6259b378e37a48facfb99476cbe5f2f78384b3079ed0b69acbe46,34,531445,6066,235839834,EXACT,=,531445,=,6066,=,235839834
atcoder/abc351_e/post-loop-state,atcoder/abc351_e,post-loop-state,Python 3.12,d1138b08060b346e428d37b1025af7b163115790497d3004f88a8bd3c6305545,294cebfd6d5c6440dd9439f7a14900863d5103d20dcf986e44cb273848c69ecb,sha256:ec5eeee24a35872a6caf0153a3f74e82fa12b45670747e14a818da80a0cb30e7,9,83358,3017,24298817,EXACT,=,83358,=,3017,=,24298817
atcoder/abc351_f/post-loop-state,atcoder/abc351_f,post-loop-state,Python 3.12,699aae66b779bf4a1122ccda4338875b27e1b65ba85accf5880199e3fbf42d01,d116dd96d8eac1f32b76e5590ce453655b505d7882b8fb0aad8ac2dbdbd8aeeb,sha256:23b6561b7bef4a3828ab1f3eab591c662edfb7c6981c9643e5ee8688348d192d,18,1078497,4066,540557246,EXACT,=,1078497,=,4066,=,540557246
atcoder/abc352_d/post-loop-state,atcoder/abc352_d,post-loop-state,Python 3.12,0a2382886352a26699e9a2938802efb00ff0b2ed28a82a5d341f2a28d0100b5f,bfa8276dd0f8f75725d3f723f14d33a32d3ec77b2178feb97054bbf966f7797e,sha256:32a148fc09d7800d13d82132658cfc85be95f6d7a8e0ce42d5d0dce921b13536,11,99043,3524,37609727,EXACT,=,99043,=,3524,=,37609727
atcoder/abc352_e/post-loop-state,atcoder/abc352_e,post-loop-state,Python 3.12,769240baf5274c3986b934a32d1b4b1f78f555e687a63e03510c725215bfa89c,0841408c7f7cf390e8be19fea4deb5bbe09786c9a84500cd1fe861963f55c653,sha256:e3984c2532bb9fddce8601fd885a0bdbd8242dcf58689e895d2c242f36c740f8,13,105416,10959,207734888,EXACT,=,105416,=,10959,=,207734888
atcoder/abc353_e/post-loop-state,atcoder/abc353_e,post-loop-state,Python 3.12,811fb90770d871f0fe4c04e1be64429696e6a2e855919b9917046b04ef5b912e,d03f717b5c8617a1a529001b12b7c27cf6fa42f95d36a7238dad28df6c57cc34,sha256:b688956d2935145f8bee11067c42ff7e39d79ce0e674cfd1968bc1a24505f85b,8,93246,5024,78567908,EXACT,=,93246,=,5024,=,78567908
atcoder/abc354_e/post-loop-state,atcoder/abc354_e,post-loop-state,Python 3.12,ca8e55c59b2acb19266a309ef2c3797dd1c71fb9a50e96e37f7c83253b5f9afd,f68c88ab2503df2cc52eea00a2bbeaab9a3e1b320740afb16c5db33a229514c0,sha256:bc5494a8b71fd40308c04a6eb41abd1146b3061bbd050d1c26e03ecb6b5f0081,12,56556,113,540544,EXACT,=,56556,=,113,=,540544
atcoder/abc356_e/post-loop-state,atcoder/abc356_e,post-loop-state,Python 3.12,6f3c6582da21d0087b45cc39fc40f42cd3df8aedf1e8cc9049ef7d65b588c75f,cdf9d390a347054918c4e9e37bb1a663816e2ac77f79aa8ea1f3cc4f19cd9673,sha256:8675e6833a10a4b7a00ba98199adb9f4b2ba3f0bbb5fdef7e70f2e871e278446,9,56013341,NOT_MEASURED,NOT_MEASURED,LOWER_BOUND_TIMEOUT,>=,4512716,>=,1375972,>=,893281946715
atcoder/abc357_e/post-loop-state,atcoder/abc357_e,post-loop-state,Python 3.12,1fe9aef06e1ee0cf01f335e2343555a7a7bf9d15f66f0d726d9988bd0bb0d2ca,8047b1e18c4c788e13a7d545f3a5d44f9b955e77bdea82d814aa4cf764bb7201,sha256:9941c71c0e45925aaf9c281439b492a5b875312ad07b6c4c9a41a481839fb7a9,46,539168,15060,689090622,EXACT,=,539168,=,15060,=,689090622
atcoder/abc358_e/post-loop-state,atcoder/abc358_e,post-loop-state,Python 3.12,c9ead8581a111c599e5fcc6f624d0f967ba3d2a8c105468b83c777431e128dc7,e5faf7fefb636a39814a9ff4e649c156a0d06c2c8df19676eaff30e69541906b,sha256:6ab807bdedfa92f556e2f58070b9ff0e4e3fe112f23d066c71be1229c585e3e6,13,3932490,229112,140678443740,EXACT,=,3932490,=,229112,=,140678443740
atcoder/abc359_d/post-loop-state,atcoder/abc359_d,post-loop-state,Python 3.12,39bfc40a02adcc1a1394cc843675900ff48b3475a2d9621ccdd34d7e7df516db,a34027cba0dc56810a3e4da135278fe8f8a13a36c657b14ea7c4d5bb18ade6ae,sha256:876db7b583e4a19cf728cf6792e58c15c01be9656a51bbed1467526232d8e6d3,14,133417,5000,87556276,EXACT,=,133417,=,5000,=,87556276
atcoder/abc359_e/post-loop-state,atcoder/abc359_e,post-loop-state,Python 3.12,fcdd2959c3e43bc6c6372f88afb05a21d9575a8f8874e3f5e74ff1e87ddf1fd3,cdf9d390a347054918c4e9e37bb1a663816e2ac77f79aa8ea1f3cc4f19cd9673,sha256:9c98d0531c6b001d58e56eec4eb9c4625191608a4b711e5f570436bc845ce143,5,63179,3020,27753879,EXACT,=,63179,=,3020,=,27753879
atcoder/abc361_d/post-loop-state,atcoder/abc361_d,post-loop-state,Python 3.12,c86ff414d6a4b6d8c9c416c749848ea39ba0a7dc569b0a74cca8418e8772d91f,bd48d08e84e89331f9c5e74d51cf6cd50f4a18c05a09ad18b0ea61e50ee61d61,sha256:b835f17b5b922b0d73591d7da6021cda495b189ef4a8e6886d84acd45b598aff,12,75270,1259,7249204,EXACT,=,75270,=,1259,=,7249204
atcoder/abc361_e/post-loop-state,atcoder/abc361_e,post-loop-state,Python 3.12,cc725603748a8982f1453fe5451b1122b64e19467a04cc743b8168b2baf318ad,a5562cad5f4581d071f6c6ed3446fdc131638570f95dff6859eefa495ba102c9,sha256:60d98f8c305d0b507969e18fc50dfda71950027f78b3da89be49b5717e34c2dc,8,90765,10044,115729073,EXACT,=,90765,=,10044,=,115729073
atcoder/abc361_f/post-loop-state,atcoder/abc361_f,post-loop-state,Python 3.12,caebcc7bd3c37295d9f93482184a4cc637a0db42246fb91751e198622ee14970,b8650fe462b5b738b2bb69af1d3c3f16974db285c79025cf1b98652763ff509a,sha256:2829b9b78e2072e9c48fcffaf91c75080583ca1158871d2fefc0ef2f539fa68f,18,41405,75,464851,EXACT,=,41405,=,75,=,464851
atcoder/abc362_d/post-loop-state,atcoder/abc362_d,post-loop-state,Python 3.12,0dc8171594072eb947f2d7dc4aedc122e1f1bdbcb2939baef42dd0b5ccdabe9d,66753e34234b2bb41da312f5d01cf3c7eab42641f7db5502e3de1134e88e97c2,sha256:7817695d954b1323382ecefa32b9f1f8ed1798a844a636ee69989c6adff2a8ae,10,108838,22301,393984207,EXACT,=,108838,=,22301,=,393984207
atcoder/abc362_e/post-loop-state,atcoder/abc362_e,post-loop-state,Python 3.12,dedd634e5f6bb2affab67322d0b303bbca5a91e8d34ad8e8ad39ebb95b60993a,2e354a39c5103f864cca5e2eb583859125da1506ffed71c6ab71734387bd085e,sha256:44a5cfcb1c34e74fdbc5685ac2298dae0665f95dacd450d123ad3f26c7b617a1,18,16877353,213078,459436824416,EXACT,=,16877353,=,213078,=,459436824416
atcoder/abc363_e/post-loop-state,atcoder/abc363_e,post-loop-state,Python 3.12,9fef84fd436c34dd4de8a9a04342b66530f1da53d833ec16d21ecf226bee15db,fd00afc087c3869b6cb8f20399afdc46b1dfe53262ee2968c4f4cccbb7b02f0a,sha256:8e4fe4ac7716ca61e19852071bbec32f04a07aa903b4132e0cbcdbc595829f28,14,85299,3460,26116045,EXACT,=,85299,=,3460,=,26116045
atcoder/abc363_f/post-loop-state,atcoder/abc363_f,post-loop-state,Python 3.12,d09878af7f97ec7dcd0b49a5394ecee50a2cdf17396599f71e84d54db55e4358,fbaea2a93653ab9eeba6079f47ae42f4005a26de141f86a7ef37337910cf2633,sha256:bac38275b768905407c0077153a5e22cb4c479007f01cdaa076baae4ad2c893b,10,1700084,25,3000140,EXACT,=,1700084,=,25,=,3000140
atcoder/abc364_d/post-loop-state,atcoder/abc364_d,post-loop-state,Python 3.12,29fc197c83c74591d92edd4cadfc6af4c5f4e3f121e1818488d5f1eff46298c2,edb54ee1f827ff155c7fd5716dbb4cac9a31b47490f3d7bd2e1117ac563bcd54,sha256:31d824dc400fff0d3e130a07d473cad96b249283b56cefd0b1744554ee7e580c,5,50293,4059,25862240,EXACT,=,50293,=,4059,=,25862240
atcoder/abc364_e/post-loop-state,atcoder/abc364_e,post-loop-state,Python 3.12,00f9ca165492d9b0d22cb8b4f05049921958451dfe7dd8e7e52190b5068d8f1b,b0b1dafa2222366f795c250d64d7da591f2aa61cc76954cadd048ed758b18ef7,sha256:bf070ca6184be6a3b2e1b5a95c077fc14bf9aabaa0cf1bd2f57e83c0aad93188,11,30302,2259,7561343,EXACT,=,30302,=,2259,=,7561343
atcoder/abc364_f/post-loop-state,atcoder/abc364_f,post-loop-state,Python 3.12,13bca3461bcb76298f1e5e6b94b1d52fb1f270221fc4366b04649b2620fc0a78,a025bd5a8be0dc5308feacb33f971c5ed95c70e2e41b818e13498954f880b309,sha256:73343b7cb4139c7c042748c093fc6f6053fd6395235434b9c41d4c9f5013c73a,8,44262,1025,8233033,EXACT,=,44262,=,1025,=,8233033
atcoder/abc365_e/post-loop-state,atcoder/abc365_e,post-loop-state,Python 3.12,53040f58cc4051e02f69140ab4ebd0ce1cb0e4d48ce4985f107d1796c2c18d57,d116dd96d8eac1f32b76e5590ce453655b505d7882b8fb0aad8ac2dbdbd8aeeb,sha256:cac3590c06c3724bd45c14122beab2f24014c90b9ba8ccb22ef95dab86f07134,13,98351,5022,48380742,EXACT,=,98351,=,5022,=,48380742
atcoder/abc366_e/post-loop-state,atcoder/abc366_e,post-loop-state,Python 3.12,d2f36eeed549cd64864f3cfea499317e7b22d3f4d6a35895c9b9193531e5c932,ccf3b141b51b0e6d3b52c55376d61260cc0f27c37e8c53cb013e517712a05e77,sha256:7519af6ade8e401e186b6d7c01fdf857e2bd9c902f1b0022f9b0c5724e0299e3,10,73275,2026,14377954,EXACT,=,73275,=,2026,=,14377954
atcoder/abc366_f/post-loop-state,atcoder/abc366_f,post-loop-state,Python 3.12,d7a8ac56c2466af881488a17af889619308736dacc20843524c6d84bbba95308,98b0a22cc7942da0117c16eaf974c5eeff718c5c350beb4df966a30e6ea06b71,sha256:310cb9596570a08466e10d8f890cf747e7fb28566410dd1678a12166dbe49ab9,10,33532,194,838608,EXACT,=,33532,=,194,=,838608
atcoder/abc366_g/post-loop-state,atcoder/abc366_g,post-loop-state,Python 3.12,6f03bb797391e71138a85eea07414da7e99f9fca8ffb22b4d39663204f1c8d87,27f6d5efb0c7a535a452949f86f378f1bb47668ab6c6313db7e1ff91d452d268,sha256:7c8c7eca837e11aa94f69fcf0a69b2958a0b9761a88690f7a5890726cccb86b6,18,51537,79,397102,EXACT,=,51537,=,79,=,397102
atcoder/abc367_f/post-loop-state,atcoder/abc367_f,post-loop-state,Python 3.12,1c96b4a9243fe0e45dffca8e440030310918431f87a3a94ea95ab8b45480322e,4e43adf4afb7f73bf0f18154ac11f47021f75792e647b1049d1d9b75a4a9485e,sha256:49280c4975367ffec7a44b2562020b1254cf440c4faac4dd8b87bd1db1a640a3,30,7954759,415140,511712805982,EXACT,=,7954759,=,415140,=,511712805982
atcoder/abc367_g/post-loop-state,atcoder/abc367_g,post-loop-state,Python 3.12,eafba2e6cb941f8eb2b2e592cbe707dea2dc267df06cc500a0b75978fb2f3567,9b5d308b5260d2207115dce408c04a7f3c8bd8e0567c1716df134f4b5b840384,sha256:f9707d7e67fb418a91dbb1c9a48f8fc491f9eac655d225b1d1e7ee45e299c1f3,15,NOT_MEASURED,NOT_MEASURED,NOT_MEASURED,LOWER_BOUND_TIMEOUT,>=,9818560,>=,1049515,>=,1004564135602
atcoder/abc368_d/post-loop-state,atcoder/abc368_d,post-loop-state,Python 3.12,82e8dff50eb0a04f22367fd204c89eaf7b78badc5b8f09402723faeb162050eb,1b5b390ec7451430510d068ad71494d73d12e5242dd8b54eca8ab026ffdce249,sha256:1e92af7b826cd5a45f9e9c98a00b4d6ec0995234882e188d92cb8a61be26bb99,15,96918,9042,93310207,EXACT,=,96918,=,9042,=,93310207
atcoder/abc368_e/post-loop-state,atcoder/abc368_e,post-loop-state,Python 3.12,b7525f3f0f2316a6be227222d41ed1066fc812d2ac7c11f24af1b6a9fe3c3c52,600632dc64c89711dd2f665edbe17f14c82e9abdac3d20e22fd41bbbe1ae0c71,sha256:1ed7ebba7978199164f46432b7786d0eca892651bc8feeb6ec27fb8a6855ad78,9,81292,7036,78641572,EXACT,=,81292,=,7036,=,78641572
atcoder/abc368_f/post-loop-state,atcoder/abc368_f,post-loop-state,Python 3.12,2f682e0e824e98bc3de53d57d8eb623f2bb9e4c32cd8b8bab73853f7de6da412,cdf9d390a347054918c4e9e37bb1a663816e2ac77f79aa8ea1f3cc4f19cd9673,sha256:98dbb9ed3395da1e8c2944df9b14510da18c4be072a4cbc288cad45acfb95dbc,12,125033,101041,1580356048,EXACT,=,125033,=,101041,=,1580356048
atcoder/abc368_g/post-loop-state,atcoder/abc368_g,post-loop-state,Python 3.12,8f17e321708cef2f011f5dd54ea630af6ae20fb33b16f0fd30db8c25ffc9afcf,776e250cbe9ab0c17d71d75f988051a295a2640c690fd0dadf10d3f2415d67a5,sha256:dd08ee592e4f0f96076147093204a30ddcde1a4807957370aaba60b0e484e738,75,692797,6053,498046636,EXACT,=,692797,=,6053,=,498046636
atcoder/abc369_e/post-loop-state,atcoder/abc369_e,post-loop-state,Python 3.12,4d94897b0ede4a63c175c250debbf3b837a05b7c8cc62d252017c41f1ef19b61,5dd139b1b0f934c495a4d82b4e0358de5a5b92241bd3e7540ad5097f314d915d,sha256:28eb63da5c89467c52ccb0d74fa76b426107991124722a4b0371f94386bd2d7e,20,99403,422,5751637,EXACT,=,99403,=,422,=,5751637
atcoder/abc369_g/post-loop-state,atcoder/abc369_g,post-loop-state,Python 3.12,3051a6bb57cd8a67699bf49570eb0064fb255b9d6a49a36feffa4e50230baafd,7eba4f73a3419de91b95cfbc348f59042e4730abad6bea5052e7d030e7a76047,sha256:a869e57e032143d7f9478d3753cdc10c8bdb6f14726a1f58ff3c26783388e43d,51,2005192,22121,6204313419,EXACT,=,2005192,=,22121,=,6204313419
atcoder/abc370_e/post-loop-state,atcoder/abc370_e,post-loop-state,Python 3.12,42baa22662bfd2eef1d0ff028c4793397ab276e112d949d5de5f5ec17b2a77ce,20ea739e96546d2b012f016617335be96b00d1096c2948c0f94af4afd291d374,sha256:82d94f1a2daa3c25d22bfc16dce879c7e674bc0c25cffd2ce33d995ca160b69a,4,53219,3019,18198424,EXACT,=,53219,=,3019,=,18198424
atcoder/abc371_e/post-loop-state,atcoder/abc371_e,post-loop-state,Python 3.12,65da639bbd124fb71cdb9200cae795b7c30fd6196cf099cf1c16d6cb1d047f8d,86134f44db79c181446f6da9df41b5cc33bd15573cb5b2305f7abf498cadd895,sha256:cd56da073dcf645e8870dbf43080582ef7156956ecac11d94b69627afcc9c143,4,39865,1203,7183224,EXACT,=,39865,=,1203,=,7183224
atcoder/abc371_g/post-loop-state,atcoder/abc371_g,post-loop-state,Python 3.12,2f7e78f8897f598fe61704d0164ea7bd3fc4c3234d424b6456926e9138c4116b,fdfd5c5cca0307d4e9450b0652cfcf57f9dd97373cbf177e763f3fc1ed129549,sha256:f9ce124eb17b64b90bc3720fbdad5ae7896285f913e1b08e7286f9635cea9fda,13,90408,6030,64084824,EXACT,=,90408,=,6030,=,64084824
atcoder/abc372_e/post-loop-state,atcoder/abc372_e,post-loop-state,Python 3.12,ef65bf5b6bdb4ad74091e96fec0f73965e7fe98d8d17bf83fbc6e554afcd4620,af9beaa37c5df9897537e65f3738877316490875ae07cb9bbfaf320cc5023b42,sha256:c0d489472faa513ad0823e198b93d7783c2eaf88b15c543282a1167116962094,19,435089,7970,641049448,EXACT,=,435089,=,7970,=,641049448
atcoder/abc372_f/post-loop-state,atcoder/abc372_f,post-loop-state,Python 3.12,f00c1f873ca3339ece5ed5713084b2debba8339af40f99da9bd50575163f8ba1,39585b639f5aab4ebb2bc3549e854bb6db288268a327b11c7d47a70db3273486,sha256:927ab5976e377234b3b4a3d9344348ac6ce858a57099bac389d08c6372a83f61,8,117324,2022,30354483,EXACT,=,117324,=,2022,=,30354483
atcoder/abc373_e/post-loop-state,atcoder/abc373_e,post-loop-state,Python 3.12,d744e2e9204cb817c9f4c5a624cf1586f5072d785eeae7a71e0e0b6da2f2f544,085b3dae2a25f9fc96c78d1599dbb402618339677b81960c07efb316a9ee5571,sha256:bccde2d31ecb0405f17f0f2e02edcfa7486bf935ea0526708727a61b0160feb0,27,3211991,3557,1106452948,EXACT,=,3211991,=,3557,=,1106452948
atcoder/abc373_f/post-loop-state,atcoder/abc373_f,post-loop-state,Python 3.12,63a201b10aef517b3b4ee6c3164fc1f622b63e38dd58ada2abd6cd73b6f8e16c,0df748d8c16abf7c937557bda68ec9c00b02cbc03d62110c1b214637b874c4b8,sha256:7e2ffe790e73b0bb868c730a6476d42e56bedb0645f1f75567c270ea3a9b1529,12,36948,318,1475623,EXACT,=,36948,=,318,=,1475623
atcoder/abc374_e/post-loop-state,atcoder/abc374_e,post-loop-state,Python 3.12,88eabd1e46b926d7a64d6dcce5fb00c84f63cf493efab3a65292f0444ad7fdfe,311050064eef9f28f2b67ed26b1d1b839ca9a754aa643023ddebac9818de7941,sha256:4079e487b5a66d45b21a32307a613251ed8bbff2077cc25abed16daa16abb593,16,96510,40,770605,EXACT,=,96510,=,40,=,770605
atcoder/abc374_f/post-loop-state,atcoder/abc374_f,post-loop-state,Python 3.12,7d9e073428ddfdfd86b69c66f57b0ad2a3a93c8097ede3b1dec1f3324de50132,a75a093c7c4d8732827531fc6ce25596d0ba572b3559f7808cb44a514e026627,sha256:61f123ae9ed5e8c3b94c01e2d80b75a097e2599935b35b97cb31c341f449fd8a,8,59272,758,5164283,EXACT,=,59272,=,758,=,5164283
atcoder/abc374_g/post-loop-state,atcoder/abc374_g,post-loop-state,Python 3.12,bc521a631847914193b0281d32c95cbba7684517ff8db741b3afedda9521d7a1,a6b5bb7098a0e5d85288ceb4a63e628862d4a915c170066d079b1e195991b6e4,sha256:be7e6c1d7ba840ec3ff06797132fca5ce814395ad54a6ebfdfa95eb4a209f13c,75,44159,987,3608859,EXACT,=,44159,=,987,=,3608859
atcoder/abc375_e/post-loop-state,atcoder/abc375_e,post-loop-state,Python 3.12,32d1bd661fd652d7a58d4a8e98a01c142f51a01aee8e5f58e499b506f41ce92b,9e1adc7e1c21fb1a3ec5f7ea230d422871469d828d0c106b5a78c90be745fc2a,sha256:f0d492768057745253b5bcd523e30284dd54902853849afe2236e64b97f99a1d,16,50426,405,2553816,EXACT,=,50426,=,405,=,2553816
atcoder/abc375_f/post-loop-state,atcoder/abc375_f,post-loop-state,Python 3.12,4b16dbe2aadd628ef41974254a3d665735a587f1fbefc167e302aef8a7ac2a57,d6f7f818791652559c002601e2a3674333719171a2da0113b06e36bcb4d1ba28,sha256:0f82bf4592af2c290ce9b52f79782e7541cb38fb655b2822fb52117a8da03297,18,41184,765,3884866,EXACT,=,41184,=,765,=,3884866
atcoder/abc376_e/post-loop-state,atcoder/abc376_e,post-loop-state,Python 3.12,e70c6dc1fdc283ad7f2194eefa8ea90da03db4cd7dedc144696b0a50c2848326,261324a05f096ee5d4cb176d8f4c00d5257c1f5c529ebd901727c6b6692ea431,sha256:c931985dc72eb70fe96a7777204ce2786dcc952a953970ef2c6a7e37bdd77b1f,6,49241,4527,40013635,EXACT,=,49241,=,4527,=,40013635
atcoder/abc377_e/post-loop-state,atcoder/abc377_e,post-loop-state,Python 3.12,79bd27f6561e120588d71fce3574d666d9287560ac1159846b683d22579eeb83,019cdb31d8f07013923ff2c357a8890045893b3d7e3c82f41ec7556b8d1f386d,sha256:cd40cdb7539f0813b242909a1696329ec54fa7eec1cd3872927b1d4005003e00,8,60345,4019,19191133,EXACT,=,60345,=,4019,=,19191133
atcoder/abc377_f/post-loop-state,atcoder/abc377_f,post-loop-state,Python 3.12,d42ba0e42a8e9fb6451d8f1ee58fbee73178776e3f8d5a24b0d0abad0731f0a9,98abf836b536593862f0e44c7b910ab440d167ad38ac118a6cdf09d387537eac,sha256:46b63f4bb56e76201bbd218fcf134192142b77ea209bf251beee222697a5e796,35,179902,330,6193406,EXACT,=,179902,=,330,=,6193406
atcoder/abc377_g/post-loop-state,atcoder/abc377_g,post-loop-state,Python 3.12,8751b9b8db5ced8c3003191e643a612def71086b17c779cbb44f6f0251aee7f3,5daf72e3a193bf095dd9bd70d0c29298475b88752ab6df0cf2a0db3b47e311be,sha256:c14a572eb0c048d02abea2cd5045f2884953dbc6c107d07cc58b27a5e4057c76,9,41306,3021,18226497,EXACT,=,41306,=,3021,=,18226497
atcoder/abc378_d/post-loop-state,atcoder/abc378_d,post-loop-state,Python 3.12,dbb3da34bec68b0a8113a90d7a439e08dd3ce3670b1f900f441b4f5f70643687,abcba1adeabc4db12505e285818c121709fb6f4bf9ce1afb66ec4c4fdba0ea0f,sha256:a64b91924ff0e3391b87565309ec9b73d4a30102b25e78520f9083257b5f660a,15,92685,258,2992028,EXACT,=,92685,=,258,=,2992028
atcoder/abc378_e/post-loop-state,atcoder/abc378_e,post-loop-state,Python 3.12,7802f371e4c363541979d69e10ce2be28a3c06c61735ae2ce7bb5af45a9a06a8,602003930247898b7d986712d9ace6faca8585f51624fc15ecc4a0f21be0bc68,sha256:6c4e1226e4c78ed78216ec8bce6d7d047caaa4a37c96ca2e9f6f02a6781909ea,21,1854178,3044,898681416,EXACT,=,1854178,=,3044,=,898681416
atcoder/abc378_f/post-loop-state,atcoder/abc378_f,post-loop-state,Python 3.12,b14a9c89b657d845e95a8f3cac468cde473c57f6a1062998a7a483d9e290a963,52a65251bcc6ee3dad3b292c77531e78584dcdaa03136cf290cd1da9a1c4a340,sha256:d716463e778e5ab5374dbb3f03a3dbd84e3fe0fc2b34d0beb594c6928c143391,28,236985,10037,288938993,EXACT,=,236985,=,10037,=,288938993
atcoder/abc379_e/post-loop-state,atcoder/abc379_e,post-loop-state,Python 3.12,9662f44b3d9d6188f7c3904ccef5590ef9f8fd9bfd7ce1e44713821b43126b2d,135ba8a69c86bc9bb44df48382e8d2bbae10a381930cae3f160cc1ce8b964422,sha256:62b2d9855b08b9bd7cb8bf02a7fadd30b30275e18bacf88f5d14a87a4880b8c4,4,57205,2014,20185327,EXACT,=,57205,=,2014,=,20185327
atcoder/abc379_f/post-loop-state,atcoder/abc379_f,post-loop-state,Python 3.12,f1c0f3a9ed3576201f133f6944ba91f86631201fa8329854b377720ee6f5ee42,4f491fb2f276052d36ed94c4151beb8581f9e08ada8bf5e454cee12d337c9190,sha256:b2c255129989cadd2331d0669c55249bf901d426828e91fe98aa553c74a48f2a,45,352013,13055,354416217,EXACT,=,352013,=,13055,=,354416217
atcoder/abc379_g/post-loop-state,atcoder/abc379_g,post-loop-state,Python 3.12,52dc6c0be3925c0920a6bd9e8ef0789fb0602a6700e302580b7ba3119a661c69,bbe25a7d822148c142e66c4f02029bd760209d6939736b4198517094f94244c8,sha256:7bd81ac3d254d027feee67454ced213c0640fc9da165768e8c7b612548d0f4d0,17,47657,144,479048,EXACT,=,47657,=,144,=,479048
atcoder/abc380_e/post-loop-state,atcoder/abc380_e,post-loop-state,Python 3.12,78f454e2f1dce6d79e4dba33bfae549256e6359e400c6d2fbf622d7b4049fef6,54b21e13da9cd6b5034f995eaf6908f2dff071c222f2186233c0ac996a0a88e1,sha256:884d290c92b9428ea5cd998793e64ce6f4306e289d6878fb01c0fec70fac9921,24,523965,4035,415931489,EXACT,=,523965,=,4035,=,415931489
atcoder/abc380_f/post-loop-state,atcoder/abc380_f,post-loop-state,Python 3.12,bb4b6bd89ee0d3a0fb3f5e26fa4c640eacdab30ef7331766d556e129a9900f4a,f3213a545ab50b24c5cdd88ee5042d344efa371ac28d933b218e84ddc9d78ec3,sha256:60f01c4822be4ceb6f71a26771c040297ca1207463020bf4cb3f07b76ff346e6,27,438092,6073,173634330,EXACT,=,438092,=,6073,=,173634330
atcoder/abc380_g/post-loop-state,atcoder/abc380_g,post-loop-state,Python 3.12,26d7f41e679df9f8acdef2c64aaefe731a22bdb035845bdf91c44dc0d8bdc7f2,ac3660e3d811055ecf21903a728f4d0f16a47aaf8f91d648710c3e7a5837245a,sha256:3a0b7e2dd0db454c422cc2179cfa9aa55b76cd053b6fb9cc1777f1e6c013d450,63,1635820,3538,628840706,EXACT,=,1635820,=,3538,=,628840706
atcoder/abc381_d/post-loop-state,atcoder/abc381_d,post-loop-state,Python 3.12,8f5fc4e6d3f107c0bc30e437c0c1b17d39c1e7ce8c8659ad631d7f9eef21b6c2,7a99a30164adb8d50c2408b0b9955e1e0437f8afa7184c2ed21e8d51a99e150a,sha256:def1755bc7091b3f66b625cb24dd3dbc38e11f1e3e09d13d17085ce1cb51f83f,6,49198,6022,35259454,EXACT,=,49198,=,6022,=,35259454
atcoder/abc381_e/post-loop-state,atcoder/abc381_e,post-loop-state,Python 3.12,d971f78159681fcc21aa2257bced26effb6cae8152b4a8938b116d348422d42e,66473ea9f6f53e0f88faba9f8cf0afa39b0c5badefc690b0dd2a1c716c23e098,sha256:8d402f5da40b7500aead2c2088005a9b2473d16cef46ad0968a66f7d514bd464,25,29305,3014,9589718,EXACT,=,29305,=,3014,=,9589718
atcoder/abc382_d/post-loop-state,atcoder/abc382_d,post-loop-state,Python 3.12,83465bd0c9051dae2cf44769072fe1ef346830f8dc89fbbd957c6207b5cccb73,2d6691a69fcbd2bb5d64ca5ac90bdffa77f53f0476d1dccfd260b5a866338e64,sha256:5ea17340590aa2621a1f920ee7e727737ebb34741da14bad1f87ad004001b392,8,48319,3634,17188851,EXACT,=,48319,=,3634,=,17188851
atcoder/abc382_f/post-loop-state,atcoder/abc382_f,post-loop-state,Python 3.12,2153dfb7128c6d6cbbda1556234b97c3b560c91ac184d3e488519fad8d18a4f0,4de3f36b497b05fd2311129100a5d9532acbf700578df6a73575ecd4b8d891da,sha256:99e6a152cec096b4e9e406bca17845e477aa5470e334e88a2db08a561b87c6a1,23,129136,2046,27233204,EXACT,=,129136,=,2046,=,27233204
atcoder/abc383_e/post-loop-state,atcoder/abc383_e,post-loop-state,Python 3.12,ed118869efb8e6fe9f42f7c0d2b99faf6993d3e81d1bd51891f06b90d32ce4bd,615f57b15845f2e356a4532275dfd8dc195b451de5247bd6fbf24175349c14d7,sha256:711390392c182b9b862cffe8ca166b0ec6fc7a0449402fd662039bf5ca2ee227,24,419455,7050,464281522,EXACT,=,419455,=,7050,=,464281522
atcoder/abc384_e/post-loop-state,atcoder/abc384_e,post-loop-state,Python 3.12,54b9f180ebc6d3dd4423b2afe0fe055ebfde9a30ad778b997e35218c65027489,8fcf956da51e135a4dae78ce9ef2ab22f2787a4255a3bd92d989f2305f8361db,sha256:2db2688f57c536013b4a6dbd995d2cf2594458146aa1527895ee09cfc9874137,7,169546,3035,72953073,EXACT,=,169546,=,3035,=,72953073
atcoder/abc384_f/post-loop-state,atcoder/abc384_f,post-loop-state,Python 3.12,4ea14c454e799769392775a0f9c4fe05a922426bf8ad0b956de2a10e35d93ebe,58aea687a358e8e68215e63c11519f0eff160a21c6c5bca1182f8e10c0273213,sha256:2f67d16132350f43b0b820f9a9e91ad57ce02853c03a6d3e861c00d029582398,7,54544,414,3385320,EXACT,=,54544,=,414,=,3385320
atcoder/abc384_g/post-loop-state,atcoder/abc384_g,post-loop-state,Python 3.12,1b9ba48bd6dbefaa747112b443dd93717374d9f6ec3b1f134c4cc4074ab88470,212a760c124599fad7e4d866099ee9057fef973b9eb3675513034e76eb92e8c4,sha256:5887ab53f9ecfc1bd64072d585b2f0613e07ae81598d0a04df3c08b754557ad0,7,29595,1135,3296149,EXACT,=,29595,=,1135,=,3296149
atcoder/abc385_d/post-loop-state,atcoder/abc385_d,post-loop-state,Python 3.12,7f2cc163fd08093cb5c865f83e53e1b69f7231f7461bd8f59c5f95a254ff83a1,b18e53664aed56865a00ab16ece6df862ced9b2a8f2f9bc0ad08cf3137b3a0f0,sha256:7a32fc24b1a2cab15a1d3e83c125106160da9bdedb7887364297c6f5b7ccd8be,17,84390,10955,113540038,EXACT,=,84390,=,10955,=,113540038
atcoder/abc385_e/post-loop-state,atcoder/abc385_e,post-loop-state,Python 3.12,d692d79698227c9ef3a83d985c0642abc15cc9848ad2828ebd1fc73955c56638,c29bfb2060b788d9b55b111a034e9a11511f92e9384ede0dcdd76b370fb09270,sha256:3d69e4a767ba5bffd633377ced41c98069b2d42433a99eb1217d30c74d0b4177,9,128226,6385,129454785,EXACT,=,128226,=,6385,=,129454785
atcoder/abc385_f/post-loop-state,atcoder/abc385_f,post-loop-state,Python 3.12,77cf5ca0c5209815b3841bedd061b6e05e606f1e2bd020e526bb5fba8ffd691b,c8d16a39ecd6dc2982bbe98007bfe2f88d634c56fa54cbba14a9139cc31468d7,sha256:da30a7f5af0fb443014b43dd227e00b4916cf7ffa61077d16b18155552d6c589,9,133451,3022,45450831,EXACT,=,133451,=,3022,=,45450831
atcoder/abc386_d/post-loop-state,atcoder/abc386_d,post-loop-state,Python 3.12,f2f483287019aad3234335eac509c80e5f427b94bdf9670ab1c202f0b317341d,c1797865fb238a43fa63cd371978eefac187d1d9f967a6ffd32915a6b7d95ed5,sha256:0c342256a267a93c3a9a89f7cfeff66a7260a5212dfcb6182e9a4c676fbcf4c8,8,56194,14847,192321877,EXACT,=,56194,=,14847,=,192321877
atcoder/abc386_e/post-loop-state,atcoder/abc386_e,post-loop-state,Python 3.12,0c59ef3308ca1ce9495f797f4bc096dc11ccd4cfec1e3bb7e1ae2f47e252c2f6,fd4fe5d48d0cd8174aa170b9985f929dd50c0d2bbfe0c351b873640e6f478b9e,sha256:f5644fc27126ae639ffa77e7379cedb3e7c1661313d80460922daf3e63dde4a8,5,20281,25,91930,EXACT,=,20281,=,25,=,91930
atcoder/abc386_f/post-loop-state,atcoder/abc386_f,post-loop-state,Python 3.12,15894450821a885a59268189e492ac3dc3c255738f40ad3302e3a1782dfabdc6,9b34024a3826d5cbde10556f1b192023bee1498502d5ba90c86f84705995c0c6,sha256:93f66cb31b5d61c41177beb4ec1f888b33132eecf66b6b5ea686030957149858,6,51591,143,600130,EXACT,=,51591,=,143,=,600130
atcoder/abc387_f/post-loop-state,atcoder/abc387_f,post-loop-state,Python 3.12,a07910e2636c2b47def7e51d292600b172a84e3b8a4de34d320c6551d06dc977,ac558a76cfd0f3a8d415d8fbad1eedccaf85d440c67a81e1290cb3819aff092a,sha256:f5e7b374f9684e1e8f453e709f2cde5155c69ed359b8ce5ae8ecb16144929833,213,190490,13179,427020989,EXACT,=,190490,=,13179,=,427020989
atcoder/abc388_e/post-loop-state,atcoder/abc388_e,post-loop-state,Python 3.12,f5fe3ebc6a010469118bab2064299d5c2694acb9a28a2314553da73d831e7cdc,cdf9d390a347054918c4e9e37bb1a663816e2ac77f79aa8ea1f3cc4f19cd9673,sha256:9d04c52826926e7731ff692890c4506650501095be2900337c1992b11110e580,10,39637,5800,30361764,EXACT,=,39637,=,5800,=,30361764
atcoder/abc388_f/post-loop-state,atcoder/abc388_f,post-loop-state,Python 3.12,adec64fadcee4b2817d6d8dd3f5edfaebb5956d36c73abe71bff72ef5165bed1,b5eec872ac6e09466cad050c50f10d0c98a188322336fdb9ac33e73ad9d6a5af,sha256:553897f6fb8923574dbd0e408d3fa04be67c51f4daf9113c6fd68d8124a9559f,12,97352,18,336992,EXACT,=,97352,=,18,=,336992
atcoder/abc388_g/post-loop-state,atcoder/abc388_g,post-loop-state,Python 3.12,6e712d6083500b74e0526873ed8d6df901168a1fb937c90dc687c3a48ab85a20,46ea7894b4f1af4060c9bdb639a3810d5d87ad4e04a19f1321628a69b31f93f1,sha256:a93a104ee22a132a43473d3d63c032bc362d12c3b09395d797e55d38f12bc4d4,10,33976,12923,32749146,EXACT,=,33976,=,12923,=,32749146
atcoder/abc389_e/post-loop-state,atcoder/abc389_e,post-loop-state,Python 3.12,0c20773a4d9f627c36338f12d4edc2817c91257f38fb6b8f32712bbd3ef322e5,0618f8f8f7d0bf3aaeb2a1a5d5ba817e844f3ed1d897326933a93e283fb3822a,sha256:f581809625b2648621642b23e5ad4c7b0d954cd55f0396a68a43df6fa84f3b51,11,72188,192,2500374,EXACT,=,72188,=,192,=,2500374
atcoder/abc389_f/post-loop-state,atcoder/abc389_f,post-loop-state,Python 3.12,ca78259932c42408f969156b34dad6c009240b43f0e3af02f970c349fc381874,e83fcbb95f0228d5c41040d7748688d3747c99f25bc5475d6e6d065b99e9aaaf,sha256:cb7a14b4fc25e13eda1132ccdd1f005ca9c97e8bd56b723232d5bdd7275eaebc,9,59241,11933,121173355,EXACT,=,59241,=,11933,=,121173355
atcoder/abc390_e/post-loop-state,atcoder/abc390_e,post-loop-state,Python 3.12,f020433241d6b5a18fed90c91f56ee4e272d4bc7f521b1b852d2c5465b8a162c,f58d2b491e3bdbad76ffb134bab3d5bad78dbdd443b416a96b874c695699e293,sha256:78193b6ba31307df7efbe3845657f2afa4b1e78d599aa771abd6f93af665c0bb,22,34408,2058,7269087,EXACT,=,34408,=,2058,=,7269087
atcoder/abc390_f/post-loop-state,atcoder/abc390_f,post-loop-state,Python 3.12,9105bb02bbd04f5320e539d454d5f04ca1e951be7512ec080b6dfbe004a212d7,4d83268ebea980c1230f964c05205ce93e5e29092ffb54a6a12f8204342e89cb,sha256:d39f8cb2924ec8189e7d5224c5f4b2f6320ac36cf0e14dedac41b04d8664d394,15,46281,3037,24884726,EXACT,=,46281,=,3037,=,24884726
atcoder/abc391_e/post-loop-state,atcoder/abc391_e,post-loop-state,Python 3.12,378c38cf12881be9a40e7149507dbb8739c80e03a5e34d085e57d4fef207e3d5,c0cb37a77634cf182674e51cf1b8fbd61a463a55a8ec328dbb6218a30ad793ac,sha256:5840dc3c5662854acde009adc60d3061e30871da71e6ff5371c878cf0c4af6db,9,41216,2201,18593973,EXACT,=,41216,=,2201,=,18593973
atcoder/abc391_f/post-loop-state,atcoder/abc391_f,post-loop-state,Python 3.12,bdb8769660e81b3d03d8663562a8f76e0a07fd6317695f6b7c99cb56d7a8baa0,70795fe6f7767f1589f83bfd2aa8da74a818ec047e28b6551a3c182ad067d4fd,sha256:c199bf1bda265ccd83559aa415fe853ba95dfeb9098706414487b739c1cfdb0a,9,45556,5834,20236566,EXACT,=,45556,=,5834,=,20236566
atcoder/abc391_g/post-loop-state,atcoder/abc391_g,post-loop-state,Python 3.12,fe27dc78626211ce2e89f07b19385b912483f26957a11bdd8eeba236ea8dfadc,6582ffe3cf9ca4535f7128de205c39df6f88deee9c42f3b5b4ebad78d07614be,sha256:327b41f03fa98247243a62bb3ef9d7adfdb34ac84edf31358b630f5ef0c32a58,23,610252,1898,115835973,EXACT,=,610252,=,1898,=,115835973
atcoder/abc392_f/post-loop-state,atcoder/abc392_f,post-loop-state,Python 3.12,29bfa657a50e9fb081b03fd5d28ee7e82b03854be9bca099e1e65594863c84b7,4d83268ebea980c1230f964c05205ce93e5e29092ffb54a6a12f8204342e89cb,sha256:0fa250a689b526e68412218c58c09dd9941deeffbd5bb7a5135ed38980639835,9,1638413,3032,637971178,EXACT,=,1638413,=,3032,=,637971178
atcoder/abc392_g/post-loop-state,atcoder/abc392_g,post-loop-state,Python 3.12,1bbd6b0a372f26c77f0be7c87c0963c81f4453af647d68dabe21e65c60e02fd5,b27c563f02f3c4cf93511c67d7248db5e839e241361db9a50a931f3885b4d4eb,sha256:c4b3b8153549cb2ed48127dac4bec11f274bbbe24123e8045edd526de342d572,8,39352,4900,40309946,EXACT,=,39352,=,4900,=,40309946
atcoder/abc393_e/post-loop-state,atcoder/abc393_e,post-loop-state,Python 3.12,d8240539c240245e5c97e9e04c10c3fc19f8293b500ab618fc6e16c88762e19d,07296ede34079d28294eb0fe3c723e6e17525d3eccea7064491573d8826c7083,sha256:e50ac8e499839324b7f4fb322928afce03f979052856505cc65ee81224ae4420,12,166057,7930,154818173,EXACT,=,166057,=,7930,=,154818173
atcoder/abc393_f/post-loop-state,atcoder/abc393_f,post-loop-state,Python 3.12,e5398dfd35d52598d789d9825b0cd106c8e4958841dfaec8292592fa2466ae8a,8d6729bb2d517df4d6a60c9890d82dbe8ddabee8e8c0c7b808324e9c1324eecc,sha256:6e5496962ec49eb8b9d7206e58c9aec0160ee0fcb205f3c91b7cabfb01d669a9,10,47301,6949,55326757,EXACT,=,47301,=,6949,=,55326757
atcoder/abc394_e/post-loop-state,atcoder/abc394_e,post-loop-state,Python 3.12,d19f15a762d661dd6266114a518554602b8a49f3893dade7c81cd56b96d32b20,2cef94f21513e2dc301dcb2d7885a59f7fa7193a5b9147e74c9cb189e9ef96b2,sha256:cb5dec248b11bb6da8b7c3f02e44b18e7be11ec87c92dca6a5a50b313455fea4,25,107119,8934,61484801,EXACT,=,107119,=,8934,=,61484801
atcoder/abc394_f/post-loop-state,atcoder/abc394_f,post-loop-state,Python 3.12,74ece4b262939cc57cb158afbd211125e08d3496a69c1fa0572b937ead4f0de5,745dbb0b6dce17213069e29cd53d28859a0136402a8f8ccc8f1e156337fd1d85,sha256:48eb8bcbb62d872bd2f5fe93a7fdea39dd30b3eb53a3a1526dd80f852a9608a1,25,212883,10075,311186265,EXACT,=,212883,=,10075,=,311186265
atcoder/abc394_g/post-loop-state,atcoder/abc394_g,post-loop-state,Python 3.12,b2411eb2cb5fa8085b82eadf04db56217b6131bc07d7fca2dffc2c27cd9671d1,403ca327f733bdd6db40e9ce9a3be53224aeb0081c457823305e2341027ce4fd,sha256:faa1a96f557fd3610eeb151f5c3a11f46175130dccc4cd4ae649035ea962be33,18,65001,4795,45052485,EXACT,=,65001,=,4795,=,45052485
atcoder/abc395_e/post-loop-state,atcoder/abc395_e,post-loop-state,Python 3.12,027474b8772e0e82dcc95866299eb84a14616fbc0c8a7ef2a3e00607a76e847b,37fc49bc1e112196bd78a3b5b8460c7a7b86e2f034d444076712c9e788b9d611,sha256:12a491698c28b6e2e75b22addb47cbf81b89a58d9501a999c285a940558ee536,10,128008,23884,335816501,EXACT,=,128008,=,23884,=,335816501
atcoder/abc395_f/post-loop-state,atcoder/abc395_f,post-loop-state,Python 3.12,9db2b3813312e6f7dc75b3be569af37efa001c7cb67c18afc6552113ad768a03,b26c1d3e6a105cece98f122334f219e3417156286957eab1292ae27bdd626a8c,sha256:cb231524c14d5a1a42d5dbe0295fdeb5dbdfd83d6e08f1d3dd6a4d498dbc10e8,11,104339,18069,443871321,EXACT,=,104339,=,18069,=,443871321
atcoder/abc396_e/post-loop-state,atcoder/abc396_e,post-loop-state,Python 3.12,57375cddeb8bb26cebe72c2ae98ffe3facf5024c927591bb220517161592bbcf,8bfce2463e37ddb19af911973413decad7422f653b8ece78ab9ee1ca22946908,sha256:26c4d195d85e6839ea8ba4c0444e40c3b6d55c237e5b80cb0ae1f72b3ef799cb,19,490489,21712,1173520568,EXACT,=,490489,=,21712,=,1173520568
atcoder/abc396_f/post-loop-state,atcoder/abc396_f,post-loop-state,Python 3.12,6c0dc346f67ff034f56896abaedb2b29020ff193a461217bfda4889b070c319d,6c7c08ee85a598539a4aaa09ec9c2cccf777d07a38a110bd84f308420f5940ec,sha256:613e532914ae3771ebdc3bfce08fb81f7a8955b6fc05193f9070fe504f67a66b,11,290022,7934,251580619,EXACT,=,290022,=,7934,=,251580619
atcoder/abc396_g/post-loop-state,atcoder/abc396_g,post-loop-state,Python 3.12,e172639b73f0dffdaab8a29f3fd3c5ef2c664a40480b38893a8288a040d5a380,50370fc9d976bf1f9adb513585670ac570d0f0c03355a6aeb4c3f63b5fa2f6c2,sha256:74798d1969dc6aa98d81a132ae5e11d5ea154daa4d334fb53b192a96562ace27,12,503493,3100,227117196,EXACT,=,503493,=,3100,=,227117196
atcoder/abc397_d/post-loop-state,atcoder/abc397_d,post-loop-state,Python 3.12,de4864261b09b5a7dedf05415df8babe57ba75349dbda9119723ca9c9cac7dae,b7bb58bcd13d100dcad5b24f6def4ca75b5a7b03dd5e1cfe2321281c964cf52b,sha256:f02e50f2bb6efa584421112ccd5f0484d4ae8b916a967dbb9a6d2cc549a8c3de,10,34721,8,32423,EXACT,=,34721,=,8,=,32423
atcoder/abc397_e/post-loop-state,atcoder/abc397_e,post-loop-state,Python 3.12,06df4352c5de66c5ebf03a1d7f6697ec591149581723d43164cc5bcadb6ce820,976755264d16b71e33c03fd2115562f1fd5ab13c2e3c29805e0b096fd6246768,sha256:4aa64fe7e14ade723e828e35ccadd2d14ead36e9e645d55d7744f7f3865bdda7,19,82219,8023,56843926,EXACT,=,82219,=,8023,=,56843926
atcoder/abc397_f/post-loop-state,atcoder/abc397_f,post-loop-state,Python 3.12,57288de228fbcf5462becff71624d27c99ffc8c523e27bf667acabb8f0e3b344,6de188e23b76646026ed955c14625e4c068c8c9f4b3fb2399be55df75a74cfba,sha256:ea083e36c1f2efce24873c1aa80b4ffc59bd984fb19a834a7fc59e014a3e8f7a,12,39940,239,1190184,EXACT,=,39940,=,239,=,1190184
atcoder/abc397_g/post-loop-state,atcoder/abc397_g,post-loop-state,Python 3.12,6e9041456091b98678d59f16eeb3de58a09b37ee308dda0e4d3cd58d0a80e587,c1da4302f9452dadd5d59630b272dd40807931e2314aae28790bff808b23e732,sha256:d781d057b0f5f40001bbffbce5db32ece4886f0934cb6d1669dbf88367ddf6d6,32,68292,10953,105003808,EXACT,=,68292,=,10953,=,105003808
atcoder/abc398_d/post-loop-state,atcoder/abc398_d,post-loop-state,Python 3.12,03a95cc68c637ea317f70477d46f41a5f9cd377a4819e534fd87b5b7ad75aae6,09f12cd622c7a2c7282f09a6930c1adf568857d5e759333b93007f35ea51deea,sha256:00a29d8bbdf8c55b23b159f2ef21a613a7f05bf6466d785ff10db47b1099be9b,5,53218,1062,10660724,EXACT,=,53218,=,1062,=,10660724
atcoder/abc398_f/post-loop-state,atcoder/abc398_f,post-loop-state,Python 3.12,15811a7af1ead24931836877d65fd54c1d6c259e0ce0a3b5b688ea02d0009bc3,838fa46f8cad7537d48e5856123ce162ab6c6618d4325b8e993d139f5fe3b9cb,sha256:1618a56517a481cb5d39c26d699fb739cd9e8e70fb007d29f7c68ae05d665c21,6,70227,6021,48315502,EXACT,=,70227,=,6021,=,48315502
atcoder/abc399_e/post-loop-state,atcoder/abc399_e,post-loop-state,Python 3.12,a923242de9a0cd1850b295730cade639a12f7435cefe841a111386b66beca0f9,b25c4988b1b1b6b12d8764b94182e5951e74952b30ac24918016cd5daaa43bd2,sha256:7b35a1cdb35480319755e14e62818e4367d0cf725595b0a880db6c0dd91fc180,24,57252,4043,36372807,EXACT,=,57252,=,4043,=,36372807
atcoder/abc399_f/post-loop-state,atcoder/abc399_f,post-loop-state,Python 3.12,5757814070533c3c0c874283cc9c6c18a0b48a4bc739dc0d15a0ccae1cbd731d,830d148a2fb7b513f2fffeed89b869009ea9792e9fdaedd96f52f67c1bbd0663,sha256:49148b8d4e9595ce29c3a0a708d1e18927e462c94700a8eae5e507424afc0ada,10,54681,283,2346031,EXACT,=,54681,=,283,=,2346031
atcoder/abc400_e/post-loop-state,atcoder/abc400_e,post-loop-state,Python 3.12,93ce7a780eab0d901a3d44e3ed08af3eb7c729200ba431ace63020f3e79193dc,830d148a2fb7b513f2fffeed89b869009ea9792e9fdaedd96f52f67c1bbd0663,sha256:c37bc460c44f4d4e136bfeb9d9914ffc0dadf3a4a9ed1ce0bfedca3673af3b4e,11,78537171,NOT_MEASURED,NOT_MEASURED,LOWER_BOUND_TIMEOUT,>=,6292684,>=,1000107,>=,968199586874
atcoder/arc181_b/post-loop-state,atcoder/arc181_b,post-loop-state,Python 3.12,e23f81a379cedf2863b596ace452376aaa2f35df2657838530b9891cdb14ea4c,02aecd154c615917c7deb50396425e63add1fc4fd90f89f47770be4205289c89,sha256:f93857d3cd739556dfcf28abfebe2e9751c108c95cda97d0fcfbf5c7cdc01e0f,20,27656,1031,3184916,EXACT,=,27656,=,1031,=,3184916
atcoder/arc181_c/post-loop-state,atcoder/arc181_c,post-loop-state,Python 3.12,8e094bce11baa509f4fd31bc579240f606f633e9778a680b30bb5ae3fdfc781a,8668e01ccd805a6064af459ff2c40fd6c6951058bdde7e4ea22ae6a3922de054,sha256:9f5ab266eba84b5841c117d7d20c2d970533cce3a7b6347250890ec0c960b808,9,54827,1195,5087472,EXACT,=,54827,=,1195,=,5087472
atcoder/arc181_d/post-loop-state,atcoder/arc181_d,post-loop-state,Python 3.12,74b6fad6388faed3199f7f684e345303c02cec8f840a81330036456f9cf90e66,8f2ab95b3a7e2e24f3486658e09f3f933e48687b0c3d768548b1770b23a0d4c3,sha256:a652f898d39c4b54c0cf1bf392ad4400c6053b2c16126566cabb0f839c48795e,11,297896,4031,151413626,EXACT,=,297896,=,4031,=,151413626
atcoder/arc182_a/post-loop-state,atcoder/arc182_a,post-loop-state,Python 3.12,347b561e92184a60dee9b18ad6c05dcb7d16b33df955d69b834e5104a426f4e9,2a07af4280cd12601eccb9a1ad9fdf822bfeb5731b49602f47218a8bad9455a9,sha256:f12ccdaae3434e3471c98b1b1be4e621dde06cdbfb85f33d6b5eb9750cd1869a,13,23062,196,430140,EXACT,=,23062,=,196,=,430140
atcoder/arc182_c/post-loop-state,atcoder/arc182_c,post-loop-state,Python 3.12,9a3e37a42b0f7b4bcc30c6c37a1729d42445f8b45621340df240b32883b18422,3d52c4f6bc9a7a9011c1ccf822e486baa2f34ad9f916a1e093485e02701eeec1,sha256:55bd4fb4942046ac8ce9e0b5570e6a7448f1e1debfd10496fbf0de49daf9d6bc,23,36236,4542,16101016,EXACT,=,36236,=,4542,=,16101016
atcoder/arc182_d/post-loop-state,atcoder/arc182_d,post-loop-state,Python 3.12,b4dce81dfd746baef08609cd5865bab45ee25652df16dcd5b19e010a7f94e6ee,4e37f6c64026845d1529511d702f46254f867db77c081549f8faf027d1debc72,sha256:fbb73cf0f8ccc92406eb4ff394a1a2321342ae8bc49cc512be4251818427b353,14,88630,811,7745720,EXACT,=,88630,=,811,=,7745720
atcoder/arc183_b/post-loop-state,atcoder/arc183_b,post-loop-state,Python 3.12,2aa2d4f1428b94ae850f92b745142eaaee0c9985e2a6359fb5754fdbc3c5662b,f08a8389d4d74069c97a14f3b84240f712f7ffe99411efff99f1bd6dab18ed5e,sha256:5fe9a41ab6dfaa8f3b0c544693246aee06d3d3f7ceb64b59f5c5f1b380ba32e5,18,33229,7023,19688982,EXACT,=,33229,=,7023,=,19688982
atcoder/arc183_c/post-loop-state,atcoder/arc183_c,post-loop-state,Python 3.12,e2ff27a5c86c2caf6200a6ebe414341f267cc6db10449dca8b38e07f31e64b77,f6bc25b1a06604dcaa196d7c465d2afd6a0c7808649a33135c2bcf83ed01229d,sha256:c85d67b6375cd265db5beb9b95a1023abeacd01cd683732513aa4c17b4573222,18,94278,1865,12594868,EXACT,=,94278,=,1865,=,12594868
atcoder/arc183_d/post-loop-state,atcoder/arc183_d,post-loop-state,Python 3.12,efeb6da1a68ce2c1bc7b40adc06831e7f2da07e9807bd4a1604406a4dbde9b03,e8fd3c8d25f6381bfbbc05891a79cf6447f2fd4c0c5e71bd12ca13d687187835,sha256:0f75014ba4bb6212c7c6edb4e6efd1ae4d70792fcfed84a79c14aa44c36a157b,32,339267,9048,344211834,EXACT,=,339267,=,9048,=,344211834
atcoder/arc184_e/post-loop-state,atcoder/arc184_e,post-loop-state,Python 3.12,c83784d004343163c96cd843df4fa4dc05e011dd251aceb0ad5e973e25fb3490,a66a18a1fcb1598b41a8e41bd226ca661ec758f6c362e803eb3bc0275a11c2b3,sha256:4f9daaa3fbff1efb5487add72331601e8e19be25e1703913f18a7b05a53eb8bd,19,12631300,NOT_MEASURED,NOT_MEASURED,LOWER_BOUND_TIMEOUT,>=,4481264,>=,375976,>=,212435869576
atcoder/arc185_b/post-loop-state,atcoder/arc185_b,post-loop-state,Python 3.12,3787d16a49faefda2c649dcf1f50636ca48c26ca15d4f38e8fd3511b0fccb7b0,51da2d5cce3eb5e1d4f88550938b72cf6e77c559617647d6d2f41f96e0af889d,sha256:8467a333d4de25a8db0824c975e881987478807ef9a29a2ce73bcf3a305be817,8,56187,1012,7097218,EXACT,=,56187,=,1012,=,7097218
atcoder/arc185_e/post-loop-state,atcoder/arc185_e,post-loop-state,Python 3.12,332bcf42fcd9ea4cc967f8c86b00464cdfd6ff65951fee7d82b3e49b9802be75,cdf9d390a347054918c4e9e37bb1a663816e2ac77f79aa8ea1f3cc4f19cd9673,sha256:53038e7a63772b21b80a16e6d662c9c171d9c021c83189ce12d6ccc688e85212,16,19654797,NOT_MEASURED,NOT_MEASURED,LOWER_BOUND_TIMEOUT,>=,6880625,>=,221463,>=,116422004231
atcoder/arc186_b/post-loop-state,atcoder/arc186_b,post-loop-state,Python 3.12,f2062c2682bef586154656f136e619fd322bc3ed1b03b0e41ae4502a3d68ff32,e61dddd4bbf233a102c0b7f4026087cf6f1ac2940ab9237ed76a2917fb5698d1,sha256:0585d2f012d8c4a5f4047f10df5327e7d2b510e10f5f8e9587194e905461cd5e,13,184565,8040,176785671,EXACT,=,184565,=,8040,=,176785671
atcoder/arc186_d/post-loop-state,atcoder/arc186_d,post-loop-state,Python 3.12,d37ff4fd04e80ee571807095d97aefc1b4daa1a969982220f620143487d935d0,4d83268ebea980c1230f964c05205ce93e5e29092ffb54a6a12f8204342e89cb,sha256:65cc3db05282cc4934052c49df882e631a303daab5145a4fb93ea1aaf700ac16,23,128552,5042,77931422,EXACT,=,128552,=,5042,=,77931422
atcoder/arc188_d/post-loop-state,atcoder/arc188_d,post-loop-state,Python 3.12,4a51fe0d8d317ad154d43e39769550f422d82784aab5664382d5dc3d92bdbec6,21a2b879eb569f5367325dcdca8a07f44f2ee6e48f4fc9430bb4ca48383c8d93,sha256:91a657f0596dff13bde24a3364d39023034bf83275499befd1c853f4d0ce340e,30,97095,191,2643804,EXACT,=,97095,=,191,=,2643804
atcoder/arc189_b/post-loop-state,atcoder/arc189_b,post-loop-state,Python 3.12,a53eeea6bcab979c1af8ada452d60cd17caa64c16f6547d22a0bdd968757ed31,9d161b8048e8ba540080badeacb844b5471ecedcb23b771621ad04bb189b7dbf,sha256:eb6d9476fd551e4d382e9a3298a08943690f392d0821d40ea7763d21ce72ff59,11,62311,3013,17392859,EXACT,=,62311,=,3013,=,17392859
atcoder/arc192_d/post-loop-state,atcoder/arc192_d,post-loop-state,Python 3.12,4ba316ad6f1e3f5da14075d24c1789af6f273ff4a4b0cd1a36c3c17a5ebd03d6,4d78895f7275c5942e8e9ed88185ec52eb1065db273a7a9ae086d384cec65927,sha256:3e04480317f26b4aad03c3337a249f79c265474bbe9c4f51f7548b706b8ba186,31,100403,267,3027172,EXACT,=,100403,=,267,=,3027172
atcoder/arc193_a/post-loop-state,atcoder/arc193_a,post-loop-state,Python 3.12,77074ce053354414f2b8e6b1e1d8a9d19120d57fe47074728aad9f5b0a1c2c51,598a932effef03d37b39ac567dd031fa477e430e0b5cdd25f208097a5afbd9e4,sha256:7a0f7014ee483b7eab753073408b9836855da7a45a87a0041929ed18714a819e,18,37988,1418,4855845,EXACT,=,37988,=,1418,=,4855845
atcoder/arc193_d/post-loop-state,atcoder/arc193_d,post-loop-state,Python 3.12,c5a31fab2368a3a1cfd87b76e46e377566307a062e00ccd8be757981737b96f0,529ccf7cb5ab7e5017e8f3e97dcae7cc9490affeb607658c147d904ebed5e7f5,sha256:c34236f13416ff763c5596a336e72940944e49a98246f758e337a810d9d71733,24,27265,5040,20370517,EXACT,=,27265,=,5040,=,20370517
atcoder/arc194_b/post-loop-state,atcoder/arc194_b,post-loop-state,Python 3.12,ddbfda8df0bfb5cf6cd94f65c22c1e07e90c893cc4c9c8803c435c478e85f9b7,2d8fe076545d42d567e57d2a98a832a9f7adc585b88bf46ecbb503e4f7a65918,sha256:df3f06696ee85a631402ed43d2500d18107fbba069da978ed8c5cad45241af66,6,279858,5928,207901146,EXACT,=,279858,=,5928,=,207901146
atcoder/arc194_d/post-loop-state,atcoder/arc194_d,post-loop-state,Python 3.12,0f987a105c15a4383c2dfbe7d45a44c8b55a7b7e82e29a3c61f7de206e26601f,8efcf1077bb258b5f364e51691403bb3142cf4fe92d4c652576f8508b6a8105c,sha256:6ed999c3e5bdfcbd754047ebcc16928d4c9596b5ca01bf2fa03556619e73eb06,14,70233,5028,42412800,EXACT,=,70233,=,5028,=,42412800
atcoder/arc194_e/post-loop-state,atcoder/arc194_e,post-loop-state,Python 3.12,70ee115263043e60cf6c8f1cfcaf03b159881d1924759219ea9a5e8feaa31ce8,4e0ea50d401a46edf118626be6388a0db57d2a0bf92a06e3b1c1523b1c65a67d,sha256:950195d1823977b1dfa8e55474418ab7d60b2b51477b6ed9b87bbb08bb3fd52b,21,61301,6032,44493380,EXACT,=,61301,=,6032,=,44493380
atcoder/arc195_b/post-loop-state,atcoder/arc195_b,post-loop-state,Python 3.12,3a6af28e0e2b2ebd96d5b420712c9b2cd7e3bf245a1e05939f75c1aa026ba4bc,859168d8172d38c1c1c925dfd02695bb6a9ad4567d39838e22ca04d29b66384b,sha256:8b39c0048c2f2ae119a8b12a7149e78e41d1de577207805edc2bb31af6cea947,22,97701,22,287950,EXACT,=,97701,=,22,=,287950
atcoder/arc196_b/post-loop-state,atcoder/arc196_b,post-loop-state,Python 3.12,76b89ca48006cb6db611cee70336f6c47b871bd47b794a32f9eaa7dd0f3c4d81,6d2c5e0d54e84da05b9fb3c2573c09db7e76b6fb15988f6bc3168f2100d850d3,sha256:ea35b048f2cf08fa2940f2de1f16934dcacca2e77eaf62e33c7afefceae54c0b,30,276951,24097,489272276,EXACT,=,276951,=,24097,=,489272276
codeforces/1899_B/post-loop-state,codeforces/1899_B,post-loop-state,Python 3.12,035daf3128bdf975cf6571b4f940b5b3e7938fc93036fc2793b7212cf3f0b1c1,d06ba0b1c18e1028d280560fb17ad12b8635cc99e290a6ec57ae12025c003a8b,sha256:187124f3f7710c48f8fc18bb26fa72d4ac06ed44fac8a3e4d4004607493da002,9,43247,4895,29293880,EXACT,=,43247,=,4895,=,29293880
codeforces/1899_C/post-loop-state,codeforces/1899_C,post-loop-state,Python 3.12,a1aee9aa585bb2bbccb34345ae44a2447c4cacfee1294aeac717454a49722c1e,c5128efed0f4ab93487c62edb63c9cefb78d79af9457e5a60a4e53689cc3c7ec,sha256:1d74a4a30bcb585d308058fca398602f1b77d34905da3d139fd2d2740d86bef0,6,37690,3802,30554941,EXACT,=,37690,=,3802,=,30554941
codeforces/1899_D/post-loop-state,codeforces/1899_D,post-loop-state,Python 3.12,6bc86321b5aa956c6b1922a846ba78590eb1d14aeb80432f1442ed230bcfb375,897fcf6e0e0f2855ef09d6a679c636090e6ca3a98bfd96883fd1be5650bd45cf,sha256:3a41c09bd276f5602cf9e6d859bfc94352b2b3f14e489bd43c61cddc12dc6401,6,23146,2073,8325484,EXACT,=,23146,=,2073,=,8325484
leetcode/2784/post-loop-state,leetcode/2784,post-loop-state,Python 3.12,d14c20fb2a34f1df8ae96f20679927ece9ea0b6c8a88539d16385f1ee11c4ab6,e0e5899734d58b9065bf84c326b69d56cd91f0cb90022b596eed8b0bd2bff079,sha256:a52ed3037712a94aa1d6456f05e0be425ac1759e69a16f2a7636e1c13056c765,14,33299,4920,4204929,EXACT,=,33299,=,4920,=,4204929
leetcode/2827/post-loop-state,leetcode/2827,post-loop-state,Python 3.12,83402c3396b14f8ec969a55ebef7e4309b28a0c023669a13a117d05fc3336582,3ba85ec3716b1daa4a8b07e5f699317e6371bf6d40861c5fb1270c7a2c7d7250,sha256:5af6cd7996a55923bfda62e8de46ed18ee69f9d2e1bf3d0056af9edacbf31546,26,118391,3034,22529483,EXACT,=,118391,=,3034,=,22529483
leetcode/2839/post-loop-state,leetcode/2839,post-loop-state,Python 3.12,8598671c966486524c37aec9228ad417222b76c1bc7e5b5126c0217908a43dbe,70eb9c4334cb765d2fa178c2a67b5acb1f16c6347d67084bce0026f41ca4d868,sha256:470c4dbc297b012d662d24c8bf65c554e93358b16c230f67ccebb846dc600786,18,185998,9902,138964699,EXACT,=,185998,=,9902,=,138964699
leetcode/2849/post-loop-state,leetcode/2849,post-loop-state,Python 3.12,5b645555b504f873bdd4a1ff5dde877f68d83c59dc7beb1fe6a871c83f24184c,4c7dc004da8a58d543862716d407ac03b744d1c605846025422c874d1df6d776,sha256:bd08207c57615607891ba0aa47d378d21fa8875eae1b3574990d7005f2b6a682,16,53127,203,413155,EXACT,=,53127,=,203,=,413155
leetcode/2879/post-loop-state,leetcode/2879,post-loop-state,Python 3.12,44fe306816219a6e5e09587084af27eb79233ae81ef654e1e592dd05d0f0ebd9,a7e1c06cb8f9efa26c384afd240faf9afa9ae1b6fa31843989ebcbafba300225,sha256:ce343ef2342535ef1cbb798278abca9d632298112e83a41de8a9876c7868a615,25,60069,500,2492649,EXACT,=,60069,=,500,=,2492649
leetcode/2884/post-loop-state,leetcode/2884,post-loop-state,Python 3.12,4e2f31e5b0a829c8a2dbf5e59b45f847e264064f57c066934644b74cf71ea653,745b7ee863a31d682142b18b0430cbc4ba2d9f1c62b46f67532319ec314daedf,sha256:66c35743fb4a2ad9930845fc8a26bc2336b50f5c9183f33eda1c215ee80c5c1f,18,33077,2116,4183957,EXACT,=,33077,=,2116,=,4183957
leetcode/2919/post-loop-state,leetcode/2919,post-loop-state,Python 3.12,9ad2e0c4f57e3452bf23d31263a2cddf2825155f8e3f1fd5906414626f165761,72fd1a77956996515c988d9e41a570b01ebcf16fe6428e3d6d7eb6237596409d,sha256:e5db558e910969e0ad481504fbd9c15bad7cb45d5447d03b79f637d17bd8e6c7,16,41257,3580,3453012,EXACT,=,41257,=,3580,=,3453012
leetcode/2921/post-loop-state,leetcode/2921,post-loop-state,Python 3.12,82b0163d635c81eee1bc42a87d3e87b695f43248b5079e19ff7afa30df09e37b,2004cb558d6bf4573db705f1a8f881be9bdd8147a0a3d2cee042022fb406d6f9,sha256:14a1a0ed21bb10ac16eeda175a4c14e94e28f20a0994abaedafd33f250a6ac76,24,106291,447,2079982,EXACT,=,106291,=,447,=,2079982
leetcode/2952/post-loop-state,leetcode/2952,post-loop-state,Python 3.12,d98d8b38c048ccce0f463b1a828af505a8c80834d2ce18f175bc4dd4ef894c2d,542d981a1d4c11d5e8962db296ed19af09cc9190bace975e2dfb2e4fe38f7beb,sha256:485a0783f31ecdb733eb7e69d161d18f6af32cfb6cea5246a66e521e641dc1b3,19,58669,2374,12637785,EXACT,=,58669,=,2374,=,12637785
leetcode/3017/post-loop-state,leetcode/3017,post-loop-state,Python 3.12,4e98c7dafc332ca7779798122aad914a3929c229fc4304b9d8862abf3dcd6180,30dc731e03c757d06649001dfca160709aefccac545ea7ec527aa300fba5a8b6,sha256:900d40ec631edce79e6dd5de441a84937fd2d71044161d5166983ef868493bee,26,84992,108,1180984,EXACT,=,84992,=,108,=,1180984
leetcode/3024/post-loop-state,leetcode/3024,post-loop-state,Python 3.12,87eb639ee1b835c824c476c0830cdea572dd877b0315e78f0f39a125337d7631,b4bbb3513a871b546fa086f574388840323a8bf0b94435756dd9c4bb7c4ac67d,sha256:090568dcb833238a3f667e2ee6f5dc7f71e024088ee250ba11bd4ab0578845bf,23,153055,5028,62167847,EXACT,=,153055,=,5028,=,62167847
leetcode/3032/post-loop-state,leetcode/3032,post-loop-state,Python 3.12,68cfe07c4f0d0b97c1be3b4ac704c3d6f63285093b5d7d621d9017653093f2a4,1514f2e20ed16a6a020f3e0049089957ddebebf2f7b280d9e8ca18087cf62928,sha256:c1a0c0f967f88b73c6b155192c42d2740148560e716579889a8a10df479b8a93,21,493113,23072,850695591,EXACT,=,493113,=,23072,=,850695591
leetcode/3047/post-loop-state,leetcode/3047,post-loop-state,Python 3.12,5b515f0cff6c448e435504489d527ef2fd8bc356958a390b3e1d7ad81706cc27,604a27d2373a79a0e17923de5e49bb52dde34f42a3971680fec5f236f232f64e,sha256:840fd4be5c71736db8ad714ffca00f6e314ef01b593a9b692453fa815e4c79ba,15,45259,3964,5190062,EXACT,=,45259,=,3964,=,5190062
leetcode/3091/post-loop-state,leetcode/3091,post-loop-state,Python 3.12,a307e3c26dfd8b9ca5486b36c624b902f7cf74b91c20882ee6e691126a8f7f77,4252fd53b7d4ef3cfd629597fe87d413c46ed5d46203a1c2c28072f854262f00,sha256:05028ac43c227ea66819dcd9fd1d5b5127466062f594b4396964d0ecbe600b36,17,49392,3057,15333519,EXACT,=,49392,=,3057,=,15333519
leetcode/3153/post-loop-state,leetcode/3153,post-loop-state,Python 3.12,96d9b15d7c200fdb4a397008c016d7ccedff0154b1bd33f3eadc7dd44408dbd1,07b62d48d85e96330051d716ef392a55abd57b3a42906edee2fec00231eda0f1,sha256:0996f15ab405a82458188514f2091febacdb128f0a53bc89be8ff6fd654f21a2,19,452805,10004,53044073,EXACT,=,452805,=,10004,=,53044073
leetcode/3184/post-loop-state,leetcode/3184,post-loop-state,Python 3.12,8f68e61110894914602f63f6b75850645d857927ac3168e8dc8aad6a792b1a7f,bf62faa329d35fd2a7298485638d775b7ef0fdc3dd2a17e3ece33b45e7d1c87f,sha256:acd432d2e1592ee678ee2fedec24a2d8ffbd8ee792f1bb9b62701d6c13a0f495,18,318600,5434,173831751,EXACT,=,318600,=,5434,=,173831751
leetcode/3196/post-loop-state,leetcode/3196,post-loop-state,Python 3.12,1d7633a8fc506be64e2ca241403652a44541e954a60dd594d20446de79b22c0d,580bb3baba6d6031a8029cea461df291eb64905f06051c64142f030a706f32b3,sha256:caebd656531a6898a86edd4eb0dfdcfdb525081e3d9513d439d37b8cbe06d08e,15,50091,6939,5184189,EXACT,=,50091,=,6939,=,5184189
leetcode/3203/post-loop-state,leetcode/3203,post-loop-state,Python 3.12,10671fde75ec8241c800792ab36a56d818d71c51ff62a384c8117299ab4ee28b,69bcc1b0ac31b89355f417a46eb52abf06e50491ddcbb6aca6ae7b307cb46847,sha256:7016d9f1da972d59ceac8b0bdef7068c89e836573848ce45518edc84764e98fe,31,98644,4078,34317163,EXACT,=,98644,=,4078,=,34317163
leetcode/3211/post-loop-state,leetcode/3211,post-loop-state,Python 3.12,1c560053e97c43a7dff163e1f87fb14563939f8ea132bf7aeb8de8e828e28632,5bb1401b706298ef30754764afecdee22a4195fdcb0dfeab30f073f7965c96f3,sha256:68e33c6824a374fb24fbe92295a0c90fa370a27cde82dc5507c0fe8d1e7496eb,18,104437,3820,29345955,EXACT,=,104437,=,3820,=,29345955
leetcode/3212/post-loop-state,leetcode/3212,post-loop-state,Python 3.12,1bdcd0837402ac73fe662a70fecaca2e6968175e9cabfb2cde1db1e504e88cd6,3e5de61731731b0a1b0bbbbf2f62006e555dc07e75a751d34bd28c0d5eef4f7c,sha256:606c2b424a4f89a03c3ba9b73d55a190a8d51233a0e2ff7e52b62c963f2600c1,15,36316,3945,10482263,EXACT,=,36316,=,3945,=,10482263
leetcode/3223/post-loop-state,leetcode/3223,post-loop-state,Python 3.12,b455e2cd73128e97517722f83a7ea5f3eb4253e351b4fc966568360e96d6dfe6,bc1f94eb5dce9ec32583d6788a665fcbc2a9439a69d9a65c190591873fc4065f,sha256:3a4fd2f5ca4a0377520bd985c7b06afea1ee791c6963ec70862128f05c5eb980,19,134449,2042,13451060,EXACT,=,134449,=,2042,=,13451060
leetcode/3224/post-loop-state,leetcode/3224,post-loop-state,Python 3.12,0dec69f983ac70e05b111c253f082c04df30780ee0faf7dfe9916043b29a8130,667f453577db5c895db5a86663340290eaf91eee5d6b0857a3d50993eb52c700,sha256:988a5e0c6e216ce4f05e3d87d25e9e33fedc00b4efa973417d01e9c5b28d95e8,19,147608,5506,50911484,EXACT,=,147608,=,5506,=,50911484
leetcode/3233/post-loop-state,leetcode/3233,post-loop-state,Python 3.12,cdc54c809e3c3759b5b9f8c0cfe128cf1a60ad309c5cc12b3309107e3412eea4,d1989481e19a73f1fd05ffd9f2910b85674689aaa6fae07d51735a06d55c3640,sha256:2971bd4f600156f05d5bbdb6f00f48cc7cf046b68a8e8bf4d919197d597818c2,21,470883,5033,325548847,EXACT,=,470883,=,5033,=,325548847
leetcode/3261/post-loop-state,leetcode/3261,post-loop-state,Python 3.12,07faef476908f4881303aeeb37f330cda475f3cefd760623b87fde5082ea2f82,a4153f176b0c183832f4f89acff372ba23b358175dcc1b36109c6fe048f7f2a2,sha256:66c8a44d197d1c712ed5dc280dc7fa1a6d885ddc6be1b870909d3bca0a8329bb,18,24306,9884,3359903,EXACT,=,24306,=,9884,=,3359903
leetcode/3298/post-loop-state,leetcode/3298,post-loop-state,Python 3.12,81f6744fe904abd97846f4e908ffeae3b2c5aa80456f4073810caed95f6bc3ef,8b695bb306b0815ba131a00e717a0ceb022e3ff9e1e8401bfcb98be526a4d422,sha256:4849e875d0c876ac21556bcbc95c819ce999c3813f725f196a07925c685323e7,17,54357,4823,5739315,EXACT,=,54357,=,4823,=,5739315
leetcode/3313/post-loop-state,leetcode/3313,post-loop-state,Python 3.12,a0e5bdb19a58143450bdf6a9c30b7957d57cc77c645c7647fcf0f789fa66964b,9ae9c8b43b7cdbc98719d116897cacc0a9f11ec8d82322d3ba7dd21228a458ff,sha256:5b28b169375e5621750ff3e96a4190af9564c877327d08f6e768864da9377154,16,43933,289,667869,EXACT,=,43933,=,289,=,667869
leetcode/3316/post-loop-state,leetcode/3316,post-loop-state,Python 3.12,d4ab5b53a703b6e7f5cb6413dd9dde3a8dec58b9dc6f8ef5441e782da0618529,e7113fc661c8359eff81031dad208ba27b69a38cd7121f5bc35186a536752a32,sha256:ad5da785c0ebf63110a4d8ccb715a024a859bae58f04b08184cd30fcd4028e11,22,86831,397,3133921,EXACT,=,86831,=,397,=,3133921
leetcode/3327/post-loop-state,leetcode/3327,post-loop-state,Python 3.12,346ff4a232272c88b8a40a0c40490a1620523d51930faf48946d9045a91fd6dc,a4de24d0daa71fd0dd53e44a7e863bdb55702fedf2c50ad8c8f706b2c118288f,sha256:4ad77438733517da0ac69214fe4f2b13e4840a3e934f97abd63b8d6110eac90b,24,172556,3085,91707509,EXACT,=,172556,=,3085,=,91707509
leetcode/3344/post-loop-state,leetcode/3344,post-loop-state,Python 3.12,7b37f8a06c19816d67d631a11e8f59123b5dfc03e07207c1d5f115f63a240e68,630c95750c5db6c0ffc1b14075193b28d57d272b5117a9af5fc3bd316cb2dfee,sha256:9b138d888bf979217bcaf47df378eb702734efeaa4fb9851fbc9ce06bfcdd4a1,19,109539,14842,97434571,EXACT,=,109539,=,14842,=,97434571
leetcode/3345/post-loop-state,leetcode/3345,post-loop-state,Python 3.12,b0cea91602935577b9afeb51d7ab22ab02fa2dce67ba03c3270c69111956d40a,92b8108a40fb2112f333758bcf1d147579347c3a9872ea156f73fc04519068de,sha256:4a64748593ffe3dbaed218710c692ffd61da0e8d2919aeecdf311c0d88466d66,17,54294,2320,9386425,EXACT,=,54294,=,2320,=,9386425
leetcode/3362/post-loop-state,leetcode/3362,post-loop-state,Python 3.12,a1328041937d8c67007d873031cfb69619177ae0db44bddb4d691bb3d2ad4053,6197381cbe599d0aa934c723d282b33af31d59a3ecf965b0cc19555942fa5d50,sha256:a1ee57bfef895b43e38914f7ef69fb55beb2456e774e34c2b64184cec7be8685,17,120644,4937,23653277,EXACT,=,120644,=,4937,=,23653277
leetcode/3364/post-loop-state,leetcode/3364,post-loop-state,Python 3.12,29729422073a2ebd0ef719eb08a33a7e8fbe818380cb5f952ec9b6a473429f52,905aac226626907a48e95417969fd3ea38ed4c90629d23d9ab156a7614a45ce4,sha256:2648a89d4c17db87b89a8b7b392240ac172a3c3e27caf0271fb7b108fd01f384,31,400738,288,16872979,EXACT,=,400738,=,288,=,16872979
leetcode/3375/post-loop-state,leetcode/3375,post-loop-state,Python 3.12,98cb56675caae2f9b1df9b1109edc5238739cb0295fd24375e2a200fcdfc5bc6,b80be88c3a1ded3100654a18eb3565d6dfdc1b71278c6370cd3aa08d66a65ebd,sha256:20246b1e91dd88f46c39c536d23f1cb26cb37717f3563e004da4cab8c75d2755,23,144975,85,1305479,EXACT,=,144975,=,85,=,1305479
leetcode/3376/post-loop-state,leetcode/3376,post-loop-state,Python 3.12,5f4b9d98d300d1d7da8c9edd16a72e4684cff0d89a7d0a334c7bd2f1ef0f091d,fc2bc64f3142d7af945d25004382c80c903edf0a2c4e52464e841719ce28bbc9,sha256:fba2d326d11c18f04c9a49d296d91d7d8a7b32b601bb537bb12cbf3ccdfb0b60,21,172578,28469,898568423,EXACT,=,172578,=,28469,=,898568423
leetcode/3382/post-loop-state,leetcode/3382,post-loop-state,Python 3.12,658221013c647518a359c86b9be7285444634f27e2d5cbbaf7ee0c37c63ced3e,8d119f07f093638e7327522f6ca870862609ac49dc68a98fe367359b826e00c9,sha256:318d659815eb41c50f06d9389f1d586e7f6258f5026337932ed0ed918363eb0c,18,74267,4818,6319785,EXACT,=,74267,=,4818,=,6319785
leetcode/3411/post-loop-state,leetcode/3411,post-loop-state,Python 3.12,40d524238eda99ef751f2ab9eb3b1aca7540f91e0bfa80b5b914cfcc5de3a019,768b7e4de39befcb10a07d7553b3f8a8b16a4199d7bd7d5f9bfb76315d8e7c4d,sha256:0dc346d164798a9330f5ade9aa0fcf5541858791ff8dcd694aa0794e52d3cfcb,19,3166948,24192,2692623767,EXACT,=,3166948,=,24192,=,2692623767
leetcode/3423/post-loop-state,leetcode/3423,post-loop-state,Python 3.12,3635b1db7ae96b9be9ed9d42a23858a19bb13eff5b24792855274bddb70ec87e,7ff38ea392ea371e081e2fa4aa4c45fcf590e52555d4aefa821338c85f3e7d53,sha256:3ee368ae833ae3ee7587d6a5ac3524105c78e4557fbebc800991251dadd36fbd,23,1697194,NOT_MEASURED,NOT_MEASURED,LOWER_BOUND_TIMEOUT,>=,331545,>=,17098,>=,961583029
leetcode/3436/post-loop-state,leetcode/3436,post-loop-state,Python 3.12,7c767903a6d1f842d88454518750ade6f162acb567d2eaceeb9d649ccd2b7617,e90ba012630e7e7671235b7b27a3c8b8a3f3fa6409a35ab96cec3eff08e9baa7,sha256:d25ca543dcde2b6b9ced3c30a4c13a992b2ef2a156a21d07d49ff3ccbfc074ce,21,55769,9055,6088795,EXACT,=,55769,=,9055,=,6088795
leetcode/3438/post-loop-state,leetcode/3438,post-loop-state,Python 3.12,2f8ae83005f2ce99a5a0d73bf278e0b5ed24a4a343147d0a5ac7e28da76b7a4d,55e1a3302fc8819679ae8d00e3a073c7c10f275d4fcd553cd92b9151585b049f,sha256:5a7c3c01a37801873d648a0a34dd0c439092dada8984356109c71ba2c235079c,25,239610,21804,134695770,EXACT,=,239610,=,21804,=,134695770
leetcode/3439/post-loop-state,leetcode/3439,post-loop-state,Python 3.12,e483226a8003844a4fcd86c786d10121c7e6904f29cdd6d41662aa9926967527,4e492bf9b8a47c76f4e2fc7294553ae895c2e456ce5ba1b28826620babc3408e,sha256:d75f833a2379858e824f15f0eeea363f59150d3405f227f950cbb1e03db8f71b,17,29339,25686,30990387,EXACT,=,29339,=,25686,=,30990387
leetcode/3454/post-loop-state,leetcode/3454,post-loop-state,Python 3.12,57f298d998ecbd1030e28731c8ca263a7b943ee0be83090b4c8dcee9e1671678,471735c19c41e7057417a3ed45f918eccdf92aa7085777d4a1829c5c8a4e8383,sha256:99b3e3f76c538e24ab9a5109b38fd52885ac2dfaaea97f8e05adc27f929c9e5a,17,25287,7390,6293501,EXACT,=,25287,=,7390,=,6293501
leetcode/3460/post-loop-state,leetcode/3460,post-loop-state,Python 3.12,0e1bfb8c895d256d45ce591e20e180fdcbe0e827f7ba885a00ac5f4a5627fd07,436d168fbab0b2cf219f6774675b46a009e535dcfe4755e022433e6a62afb500,sha256:e138be36b056488723a9d42e860a58da387ee295911a650d64d0d5651fd2bc39,20,78519,252,1298795,EXACT,=,78519,=,252,=,1298795
leetcode/3466/post-loop-state,leetcode/3466,post-loop-state,Python 3.12,b26174373f21531c4b141a71f9f5cf02782c057b7ad0975ca7eca652ba4d8153,88ae8e6740bf343961850c5738e49d87f9d11db4a1e0320c9d9bb6ab401046ad,sha256:4824ee0681f79ac8b6079a2417d51c5ba4d2939231606189a49b740dc7db3ea4,15,35596,8003,6077439,EXACT,=,35596,=,8003,=,6077439
leetcode/3478/post-loop-state,leetcode/3478,post-loop-state,Python 3.12,552b2a4276677bf3fe603001f3bc8171dd8d8a363d9af04e77586cf8bed3a706,be721ae21df8aa0e98dc322d32be44414c111cfb6f615195326a1b1abea99127,sha256:e5b66972ec01d227603e54bdc93be74573e521cb4a623fdb3e99566d63eb5686,32,11128337,NOT_MEASURED,NOT_MEASURED,LOWER_BOUND_TIMEOUT,>=,388883,>=,18736,>=,434347827
leetcode/3482/post-loop-state,leetcode/3482,post-loop-state,Python 3.12,4c8a98fb8aafb963ce1093c2751640902ab92b3792786a723fd81e5f1685b39a,99805c9cc7b28700d0ed66a5f08fad1c0358b4c9f14b4008a080b155fc329dd6,sha256:ee87749ff06c25152ad0037e5be513da25bfc6c538818dad917fc5f5781aa3d8,25,76431,2094,22724708,EXACT,=,76431,=,2094,=,22724708
leetcode/3527/post-loop-state,leetcode/3527,post-loop-state,Python 3.12,7a6485386a55e73ea645f4fb90a79d281bfa2c20a18ec286c4f471807b002242,a0a9607aef16ef508f7ea8d1790932bc9937043da00184362424dbf9821ab702,sha256:5d167b6ce1b22c2f87805adb375f5ad0cada1fc2acac46fab5fe8ba52d3e40ae,45,5723474,16989,5161321966,EXACT,=,5723474,=,16989,=,5161321966
leetcode/3531/post-loop-state,leetcode/3531,post-loop-state,Python 3.12,4780d24abd4dd7471659934a1b9d6a401ccf22c9abc4eb107b7bc8de697b52e0,8d137013c9a97addcb868d38f1a6e3a1593d2d3edefa98e9d9a9dca4505b6d22,sha256:8e39dbb9e728ea61909604c55dee755dd1b2e54be65e4947b90460ceb333af67,15,176028,10917,51555901,EXACT,=,176028,=,10917,=,51555901
leetcode/3532/post-loop-state,leetcode/3532,post-loop-state,Python 3.12,4afd664cfc58ecbcd096f56f39d1ad8beb420a815b999c84753dc9f25ccc9d5b,8230483c37e57844e0ce94c08da1d1357a3f1c527e8a68399b85ed89b7f5b928,sha256:33e486fd995ee072df55e09c96f124ce74cca2881d25e3cfdfdcb49869ebd7d3,30,240831,12844,154769776,EXACT,=,240831,=,12844,=,154769776
leetcode/3535/post-loop-state,leetcode/3535,post-loop-state,Python 3.12,bab76fb941734437399086ec032416b055d68c6f5a82acd0f6b88ee3f38a2882,2e30797480f05a81ccd64fe860ac72e8627a50a841984b55d21c30a28c7d7432,sha256:c91df6da22319e539d3a5927e749bd332eb20939b4f34b11e6f211a50d6e8ece,17,145550,6040,18486846,EXACT,=,145550,=,6040,=,18486846
leetcode/3548/post-loop-state,leetcode/3548,post-loop-state,Python 3.12,734e9c9329a6d071f1f9c376ab0d714a7c2e822330ced8d88997ce3088ca46d0,fe5fbf26d93affeae24240a9eb3514b6d93176952585bd8395ddbbf7b47ae90b,sha256:30db27976e01884143a848397c37e6ba7dc289cf3cbb82c17926fd75fb2cca8d,18,93744,2374,20257042,EXACT,=,93744,=,2374,=,20257042
leetcode/3550/post-loop-state,leetcode/3550,post-loop-state,Python 3.12,8f5d3b8bc11b06763201114af2d97089b20087865fbda12794ad661743274298,945b8c50e896c0f7767b7536f43abeee9c9109da482e774b4b2815b3b0b79742,sha256:35ab98399244a232ebe1d731ccd789f09f3bf723db26902553e4c319b08de3ec,27,43242,5984,7790544,EXACT,=,43242,=,5984,=,7790544
leetcode/3551/post-loop-state,leetcode/3551,post-loop-state,Python 3.12,b18fb257b830ca57abf78c4cdb63170bec97748d36b517c61f61e0a069efeccf,cac57c48ff502ade936dc262ffd6d6a1470a2a2ce3e4d1226e2c7d39112227ce,sha256:7bae1d20c0c87059fb953a970063f9c0c10645a323a1f6bc7959679e8c4df511,18,63484,4395,23808153,EXACT,=,63484,=,4395,=,23808153
leetcode/3560/post-loop-state,leetcode/3560,post-loop-state,Python 3.12,5737e0ebbaf3eb757c6ba5c8573a976a8bad1d345ef00bbb2e28a299cdc37da3,869ba35fc8e47b66c0cfdf6a5f9ff5d4f24720aa583527e7c9fdbdbf7bf147d3,sha256:3d2fdaa45bf7bbaf8a1d234c1939d99d6c473556c455f912fd859cfa26381260,32,7895729,6523,4434966506,EXACT,=,7895729,=,6523,=,4434966506
leetcode/3562/post-loop-state,leetcode/3562,post-loop-state,Python 3.12,e1e5860139f59dc51185ce915c108a0a365070df057c12596124a8c9883eca71,1c2ab570347536a96fe209654fac38fd8bb2b52d0ea1e42e2b1399f81ca4635b,sha256:00a2c06223f04c4a67aebfb96b95ab0652c5996b63cb3fdae11422bffb35eb05,19,160563,26094,384902593,EXACT,=,160563,=,26094,=,384902593
leetcode/3563/post-loop-state,leetcode/3563,post-loop-state,Python 3.12,5f880051930d2f52b62c7fe4ae70260adf317f4a1e16682f0d1d0dcc6fd63ddd,71ee801cd5cb646d6e9269250afffec4ebde9e60452809a952ee55d9e6b12e98,sha256:3a925078871308b68db17bd0b5269e79f9234d36c9b336aa1407b0bac1844976,20,46153,105751,310847125,EXACT,=,46153,=,105751,=,310847125
leetcode/3571/post-loop-state,leetcode/3571,post-loop-state,Python 3.12,3e5d3c5a7f1c34a6dfbcad4399b839d297af0a9de343f3ae8f229503344161da,ce215e17ad1f3143ff3fc49e8103cf9c962000c74392ec3d3115127516522fb7,sha256:7ddff14aa7e5ca7ab2523e6bdd324c530c95ba1afdc8d7cdb9f98ffaa960361c,20,42810,14865,12143216,EXACT,=,42810,=,14865,=,12143216
leetcode/3575/post-loop-state,leetcode/3575,post-loop-state,Python 3.12,de0a5357debe39f5c8f82024c71547e05b647932392829946406770886de3421,a10f2b6ca068b0d19eb54156f064ede21d4b8d2ce59cafbdaef1b21040acf069,sha256:c3d21912f888618c8c2edf4f862d56a02f8baa4fb353a58cb6467ddc9425c6db,38,289244,212,2241648,EXACT,=,289244,=,212,=,2241648
leetcode/3580/post-loop-state,leetcode/3580,post-loop-state,Python 3.12,95b81ea74e2e0db3646506660e5a2d84054117beb16adcc4ee517dfd93d42b5a,7f731fb54ba3d4c9d428c78b81e594f1465f5a60c164ce050802fd593652329b,sha256:10240ccebe7414bbae5c83600cba7b6413d80f2aede8f9f803b43237c04a8369,20,76997,4528,22846320,EXACT,=,76997,=,4528,=,22846320
leetcode/3583/post-loop-state,leetcode/3583,post-loop-state,Python 3.12,aaf65fb5ab6c054536b798238052946ee360ab62d39f37277abf612bb53f8f6d,e17387afd526f006637ef056b376720e76e2565c26b0471131ebe2e4160bf707,sha256:7c886b209e45525938837de3a91e982780f1f872bb9b4ced6f14aacc0fbe4078,16,57404,4976,28034204,EXACT,=,57404,=,4976,=,28034204
leetcode/3588/post-loop-state,leetcode/3588,post-loop-state,Python 3.12,00e71f5c47393f02f328d6b77939e1d96f29f2a267dba9fb2dedf01e1c694b28,6ef60d3c99a9b873f5464dbbb9be3a12687c86aaa8e0a392140a4b4951ee8dbd,sha256:7cad9885e36e68c6cfe64f6762031ba98fbc65ea7c960d51497052625c2ad19f,25,37896,231,650762,EXACT,=,37896,=,231,=,650762
leetcode/3603/post-loop-state,leetcode/3603,post-loop-state,Python 3.12,cc3de6f9ad7b4809f8d3eb97d44cc02d4bac6079da80983297675d818bdaaf13,c178f32d979238346c1efcbccf165c08e7c226c7b0cf40ae0af35db81ad7ce54,sha256:2925492f4c4cfd3bfbb024756f674fbb249b792942ac8a7c999fabf6ebc197d5,25,120514,8040,117220229,EXACT,=,120514,=,8040,=,117220229
leetcode/3604/post-loop-state,leetcode/3604,post-loop-state,Python 3.12,68dafa938d835078585e2c1a4fd2548afe59315e6b2b48165bc0a4ef07b7fe64,936b31ad2285986d14e9172cf1c376558be7c867687786508f954bf75eb7a123,sha256:ad5e997359aed48cb6e310db62f0fa8530c0e6ceb13c9e1f34f971b14a720258,17,46641,2274,7022512,EXACT,=,46641,=,2274,=,7022512
leetcode/3631/post-loop-state,leetcode/3631,post-loop-state,Python 3.12,95d3c4639cbe6932fcf649e17342c1c0789951860be1c396fe3d02da46bd19a6,26b516f8b35a335e4858544127c7bbb287f9fde926435df075cf31de8a5b45f4,sha256:497958d4cc5ec1eab4e7be7fc31f62b131a51a0c9c77d69535a5460abf4b141b,19,63606,2034,20337620,EXACT,=,63606,=,2034,=,20337620
leetcode/3637/post-loop-state,leetcode/3637,post-loop-state,Python 3.12,54a158125546f220f68e7cedf2e76a8f14407fbc0de22a78c1e45ddb9336803b,a71a22e1a332b6606efb6fde9580c04b12de56e9db9d3dacc74cf775f0c86b02,sha256:589f3e468c410917f223e2a4d8028f62cb531dbac40451ce444683dabd78f1f7,20,39733,237,1021235,EXACT,=,39733,=,237,=,1021235
leetcode/3638/post-loop-state,leetcode/3638,post-loop-state,Python 3.12,84eda0211745644d1208db2aa500de9e0df32aacddd40654012831599f28ce63,2a76d635a444db59aa55ddbc5728d83b5fb1852296792fb1f3d66715a51ebf21,sha256:33684a1027f073ad5c596d71f24a82f02d053e632bd127b8139230da643a662b,22,72315,1370,8820241,EXACT,=,72315,=,1370,=,8820241
leetcode/3646/post-loop-state,leetcode/3646,post-loop-state,Python 3.12,686115c529d47e701ffe41a4e0f505a8044230626578855a8ab7c66531b28e1f,32114f193a2c9dd813f560191602e7c090acf1071918d51ebfd75a975a2becbf,sha256:4fc42363b86b58a35f3078777aa0466dddd481e0fa847b65ab6e9dacb3059f03,14,61367,3945,7157780,EXACT,=,61367,=,3945,=,7157780
leetcode/3648/post-loop-state,leetcode/3648,post-loop-state,Python 3.12,b8bcd4c0598c0805eec51a82a2b31013f44b04e274d301362b6978f82051e5f1,99f6c6fabe902b4b4b4ee4e15175089fbee52f4868df9bef04c91989011e73de,sha256:fa3ec7804b13e2f88caf03d760e9095bed216fecdb6334144b7729828e3f90b3,21,142425,10981,51331797,EXACT,=,142425,=,10981,=,51331797
leetcode/3658/post-loop-state,leetcode/3658,post-loop-state,Python 3.12,388a53ec8022a0bc1d1409a5298875b0f119679b8ca27abd1a5b9871a728e563,07612f2e6c950c73cafa36cf0ce3438f534cd4cb8be16f94089ebb3a623b9f77,sha256:99f1c554da6ee8f5fa343f9f74eedf09312ecd1179cd22ddf5865cadbd4ef4e2,31,110112,5480,16809405,EXACT,=,110112,=,5480,=,16809405
leetcode/3674/post-loop-state,leetcode/3674,post-loop-state,Python 3.12,42e3400fe4de4c58a93b6cc6d72eac73287b72de20930d8e3b46136f3462dfc3,e0e13baea0e9837593e018e67dfed779713ecb7fed165d287810d7923673c7a8,sha256:20d2de8e0e95bd9bd1fa72df842fd09cf24b4245bba8435882abd559622d8174,19,82793,4947,9469324,EXACT,=,82793,=,4947,=,9469324
leetcode/3680/post-loop-state,leetcode/3680,post-loop-state,Python 3.12,8b4dbc2114b450a80824108aeef0e947fa73f2b36ed02ab212213fc4c02da62c,427ee6380ecb3290ab21b42d1aedfb78f404d208ccbb098314beded25d7c527d,sha256:c6c45ed9fba800d3697ea3deda011e9df0c4ad8f69bf1752bfd6ff7736492294,24,29389,3038,9177844,EXACT,=,29389,=,3038,=,9177844
leetcode/3682/post-loop-state,leetcode/3682,post-loop-state,Python 3.12,79be06263f3829a47140fe051ad4d135693048fd5ae76531aa230fcf35b9c6a4,659eaa9a03a3f9ab6a106a44bdd6e669c6faa9ac401ab342e575f3f94c7c5e86,sha256:d9ae51aa9f897f5000eba5aabc80d8b7e1fb6449cd1ee9d69d8589da276c121f,15,132444,6039,60818817,EXACT,=,132444,=,6039,=,60818817
leetcode/3687/post-loop-state,leetcode/3687,post-loop-state,Python 3.12,b75df480da4d3fa888ff1ade0557749925ee7c502fb759f784ab10df35e8dba4,d8b412c823fe77cd4cd8d9b2cde2f1f637f977b27cdecbc18098ea6c69df63e8,sha256:92db0215ebb0a424c6547b22cfd095b8f9abf6eb8e38a1923ea352ea4ae414dc,22,420817,21599,912163650,EXACT,=,420817,=,21599,=,912163650
leetcode/3688/post-loop-state,leetcode/3688,post-loop-state,Python 3.12,3be7b3cc2407fd127e945a845045ec503bd303660ee83159e31efebffca97557,bf62faa329d35fd2a7298485638d775b7ef0fdc3dd2a17e3ece33b45e7d1c87f,sha256:e49eae4a232213b834704fd9b179c9d3d83fcd1f2f8a6df7c8bc96a036195acb,14,48344,5434,22405649,EXACT,=,48344,=,5434,=,22405649
leetcode/3690/post-loop-state,leetcode/3690,post-loop-state,Python 3.12,1a8988a62c1eefc8e67d893508dbe2447028f01a7684924b2ce158b01262a371,9e7d85b0e56896aa69fa3020a940ba7cb66a81ede4ed96b906cddb08ad4eac93,sha256:1a4f86d0371801cbbf87dd107d0f699a0e193f9bc4f57e9e24034aee20c09bc9,18,35338,2050,5187880,EXACT,=,35338,=,2050,=,5187880
leetcode/3692/post-loop-state,leetcode/3692,post-loop-state,Python 3.12,da2a824d213a535528420da5c52dd712a629d2bcf808a787157cb510652544af,2d3d54d98dffcd376722e0b89aa1133b5a0d6a614e254de51dd11a5738641f80,sha256:fccf45c74e750f5e0f0c24c3071306b40137e2a0f929154660b5dba33cd80641,19,114500,4031,79386289,EXACT,=,114500,=,4031,=,79386289
leetcode/3696/post-loop-state,leetcode/3696,post-loop-state,Python 3.12,b5688101295bba343ec4b805a7beacb8b101a1f5936402ec2cf9d99e074ea27e,10ced6dbc53e3de780309a16b70c93e7e531258dc1e841f57464027800a88eaf,sha256:12b36289512a0635b848335ed88890843a3e5b62f53a87e739feff97d163b76e,31,154705,2022,21800153,EXACT,=,154705,=,2022,=,21800153
leetcode/3697/post-loop-state,leetcode/3697,post-loop-state,Python 3.12,e8da57435358e0d468cfe954b8db7c006e9d0ddd9c8a6db966c82d730979709f,6825e6f215cfd6bc41b7db3fadfcb87b20641ce7e0cd11308fc3fdfec1c8ba63,sha256:c88fb41b371a8624f38d9c3b99089a8ce512b0ae1217c2461ddc727ca42963e9,22,58974,4002,5832799,EXACT,=,58974,=,4002,=,5832799
leetcode/3700/post-loop-state,leetcode/3700,post-loop-state,Python 3.12,e9e4b4a6645f9129d2e05dd28030fbd333319ad5ddb4fe66b469c212baf0fa47,32114f193a2c9dd813f560191602e7c090acf1071918d51ebfd75a975a2becbf,sha256:bb6af7bbc45b0e215ba619b7149a64510607d972a0a1c5ddc91105bcbeeb6c65,16,341764,3945,56668911,EXACT,=,341764,=,3945,=,56668911
leetcode/3701/post-loop-state,leetcode/3701,post-loop-state,Python 3.12,8dec756eed04fee137d335fd1d40810ed61cd627b386c07a47dd130ee5c3d603,d5defa1fd3b0d801c3d185b49eafb45089e2997f0f2fc0e7cf113bfc02ba23e6,sha256:cc1fd1b2bd8ae7972442a9d0a66c5c882181abecd1436bd774d875fab5c25727,29,394815,4019,158035717,EXACT,=,394815,=,4019,=,158035717
leetcode/3717/post-loop-state,leetcode/3717,post-loop-state,Python 3.12,5b41d3d021cfb2432de3d4fb174aea0c839b12e0cf93d750abe6cc32bc701ff7,870efb5d1bffe4c94fb16adc9def7d8f9cedb5f656166f950a729befef863515,sha256:1ca019e4e3011638cb652e39bc5146e5858126c2a20f6fcd8a9e9e05be42756e,24,690796,6945,226215578,EXACT,=,690796,=,6945,=,226215578
leetcode/3725/post-loop-state,leetcode/3725,post-loop-state,Python 3.12,393e3fd64701559036bd20f663d10d27a0056485e0aadf6e8a75111ca101d212,92470c278c0d64815a81fdd8f76ba90a0e24383874287218d66f921ab45924cb,sha256:f18d672cb2cce95653ff9564d60fa771192a02216ac686c1eadc2fb7d4d045ca,20,130577,4829,17166305,EXACT,=,130577,=,4829,=,17166305
leetcode/3733/post-loop-state,leetcode/3733,post-loop-state,Python 3.12,bd0a8798a378d00a7352a16d84f9d1a22368b5d16d3d4a27983c5c6b65d43f8d,679e4452dbf62adb7862331beb671582068202c4babde562681994a6e35f9ae6,sha256:67b2e9c28411d51652a24d082fa6bc513ed9d155b76eb890e23787794b4e0a06,22,84002,3394,12408237,EXACT,=,84002,=,3394,=,12408237
leetcode/3739/post-loop-state,leetcode/3739,post-loop-state,Python 3.12,2943a8c9f70045027e086e439faa2c368f1edfd21b7e8db019e606e36b9662d4,b0c54a2a52b63171c6fdf43729f3ccc2062d3df7b08163036ebb51a684e1c03a,sha256:1d723a9b6a1824b1aa6620cfa4cb44c186671ad32f1d7550d720559224014387,15,76519,3492,20344881,EXACT,=,76519,=,3492,=,20344881
leetcode/3744/post-loop-state,leetcode/3744,post-loop-state,Python 3.12,94c370b13e4aa4af82afbb41a6378ae5b4ff2692ea7ce73ccceb35c20abb36c4,e0118c73c6973ffe1d8bf2975587128df9728414d0ccc5a967e14dab9fb6ff2e,sha256:65f024481b15471d9b47fcca78f7a59caf41ccdd703dc118069acea58989ab68,16,52144,18971,25702225,EXACT,=,52144,=,18971,=,25702225
leetcode/3762/post-loop-state,leetcode/3762,post-loop-state,Python 3.12,b04f6a3040533dcb3ece35e8eba4c886dc36b62c8a2b831cadc2e4c4cb56cdc9,448e8f1472f1101b0564365b18708e0ac1b834bed55a9d12ff1a660fb36ced14,sha256:9902f7c8ca9dab7dbad2e3ac46f8d7baec0c87263e75b80965335156a5e84b67,19,113365,3988,18940771,EXACT,=,113365,=,3988,=,18940771
leetcode/3765/post-loop-state,leetcode/3765,post-loop-state,Python 3.12,1b771d30d7ec3306849fb3def66aad484af5e0c0bfefad1ed010af0cc10d7a6c,841c641e95aebcb19d66a9ecaaed489a222caf94ba029772651d4f72861e4eaa,sha256:fb2ce159d79891ab9761c2edb5208d5b2583648a29260d2243f6b3d2a4f40afa,46,1265591,10891,1055023497,EXACT,=,1265591,=,10891,=,1055023497
leetcode/3770/post-loop-state,leetcode/3770,post-loop-state,Python 3.12,bf9d4e01cd61515406315a1aa84d9b31f0f1b3b68e74a7df88a36b56e1ad9098,b422aba5a246149781f0bf0a400829cd144c15825fa245d5ea1588be5eb33a17,sha256:adf88d20997c4e038f7cff2b702b7a6489391a4cdb894596191dbffecb9c8b68,23,45832,2058,17388327,EXACT,=,45832,=,2058,=,17388327
leetcode/3777/post-loop-state,leetcode/3777,post-loop-state,Python 3.12,699300f5d6c1e99594a92634fedd289e9ebd96c470b2a4d2fbbffe2926414b9b,67cca078cc4bed257682ab1b45844b6b2793cfe24b55756112a11a5e0db40a81,sha256:817fb2182ab5911d314e45df05623a81dcba2b877f7ed19f8e3fa44c0d0146f5,24,36352,765,2675928,EXACT,=,36352,=,765,=,2675928
leetcode/3781/post-loop-state,leetcode/3781,post-loop-state,Python 3.12,c279ab5a8d28ec91688237dd9e90402918472bde23545260fd1ae9e228a8e85e,c494ce558a10bf505fe192790457985d32897962379253c3139925342f87aa7b,sha256:841139ce27a9f5b4d3cc588ded41ac758367af8ef46d5f0a0d0e07c6968eb57c,25,83395,10986,54957706,EXACT,=,83395,=,10986,=,54957706
leetcode/3783/post-loop-state,leetcode/3783,post-loop-state,Python 3.12,9328d060f004a13a29d774ec4dd23257bb58c59f2f32a0fc1db9809b86361fa8,bad27233b9f0e2dae3ab38cb80d5438dd490f8286b2272bdea3ac5a4d114eb3b,sha256:440db8b6462c730ca8ff6d496e4e6b9fef634c6a2e60e4ec4513af3a72e94a10,23,40501,2065,7771024,EXACT,=,40501,=,2065,=,7771024
leetcode/3784/post-loop-state,leetcode/3784,post-loop-state,Python 3.12,dcee2cbbdbf71b8a6ac1e1cfbc38d6205026a1ea3ebc476594a80b9d6d96e9cc,bb99d689650b7a59712ca8969e3d95ae8e4fce04dbb0597344f08100f558b374,sha256:1c7c8ae4e396565a9a0b3d630971980ee1e43239536c082ef87227d4604b24b2,21,364333,22084,778847345,EXACT,=,364333,=,22084,=,778847345
leetcode/3789/post-loop-state,leetcode/3789,post-loop-state,Python 3.12,44dcc23a6680e2409b33692b6366b299699aed9818df5da9068b0e7bf7cff198,f2487e06898a705d9bdf223e01e36c0e3fdc7240e5c6925a1473b575e65a0eb6,sha256:8f5fe631cfce98d3aeeb64253400da78eb5834e980bd4129bf9d253c22ac299b,20,81410,13993,62590805,EXACT,=,81410,=,13993,=,62590805
leetcode/3801/post-loop-state,leetcode/3801,post-loop-state,Python 3.12,6e9db0370aa67b8b7f68cd14b75c96ed4b31536d5314e50bd8adff6b03a801b4,b7ac8be8c69ed0f268cf2c2261013fbefaceeadeb2cbd539cafc741f98f60530,sha256:c171b79eeadd18c8abb964727edefac9def3ed9c1813f3113de0ef1f2c938f71,26,NOT_MEASURED,NOT_MEASURED,NOT_MEASURED,LOWER_BOUND_TIMEOUT,>=,7684286,>=,120032,>=,34682343034
