case_id,cohort,arm_id,measurement_source_arm,execution_id,Omega_hat_NativeTrace,Omega_hat_StateSize,Omega_hat_StateLoad,Omega_CC,state_size_status,native_trace_event,state_size_observation,state_load_observation,state_observation_count,source_sha256,input_sha256,oracle_sha256,native_trace_repetitions,state_size_repetitions,raw_native_trace_measurements,raw_state_size_measurements,raw_state_load_measurements,raw_state_observation_counts
problem-01,lower,short-trace-final,short-trace-final,sha256:73ad8aafe6d235df156f603343f220d5bf0bf095034c7c09e4647aec6b75183c,90806,3282,41566773,88,OK,CPython 3.12 instruction events in target-source frames,"initial state, post-mutation boundaries, and return or unwind events in target-source frames",sum over the same complete state-observation series as StateSize,14267,e31fd35ee492904181cae37478221d7f0b37da3131bda2b665dd2f5ea4172c0c,cb98066f66702ed7eb61decb8b41663e01d5a6b2c79b73e725a5abbc2c449017,39952492ebd26ec18912196f10ef9b4ca709d1935ed37aacc8c17b138cf5bf6d,3,3,"[90806,90806,90806]","[3282,3282,3282]","[41566773,41566773,41566773]","[14267,14267,14267]"
problem-01,lower,long-trace-final,long-trace-final,sha256:56d9affe274f136e1933852e8f797cfb86ea3bed95c016b04556b2c4ca152b2c,222559,3287,106548777,88,OK,CPython 3.12 instruction events in target-source frames,"initial state, post-mutation boundaries, and return or unwind events in target-source frames",sum over the same complete state-observation series as StateSize,34731,e31fd35ee492904181cae37478221d7f0b37da3131bda2b665dd2f5ea4172c0c,b0847a5a90e84c54eac87bc4f41a055d78969280212eaa59fbbe6c0f74733d20,64166ab75102f8d42d5eb7c5b9ab0c13f0dae90ee03348a145437a8170adb1fb,3,3,"[222559,222559,222559]","[3287,3287,3287]","[106548777,106548777,106548777]","[34731,34731,34731]"
problem-01,lower,inside-loop-state,inside-loop-state,sha256:0547b42885dc201376fb93765a3c7da6c077a0338c243dcae8c262108a061af1,177482,3288,86579700,89,OK,CPython 3.12 instruction events in target-source frames,"initial state, post-mutation boundaries, and return or unwind events in target-source frames",sum over the same complete state-observation series as StateSize,28049,fb314c569ecc908a943a8161b451311d659fc52080199705f0a134ab22c92427,b0847a5a90e84c54eac87bc4f41a055d78969280212eaa59fbbe6c0f74733d20,314237d5e7357f8f562c3dc7d27f5b3591c95061c71ac6e86d927093c475686f,3,3,"[177482,177482,177482]","[3288,3288,3288]","[86579700,86579700,86579700]","[28049,28049,28049]"
problem-01,lower,post-loop-state,post-loop-state,sha256:8c394bb669c6429a6cc8371df442ba1284632f5fd03fcf20b87ec42c6b002666,214164,3287,104083011,88,OK,CPython 3.12 instruction events in target-source frames,"initial state, post-mutation boundaries, and return or unwind events in target-source frames",sum over the same complete state-observation series as StateSize,33506,bd95e7b031735e8675466b2ace9710aea598d24582ef85c2d2798bc2286b307d,b0847a5a90e84c54eac87bc4f41a055d78969280212eaa59fbbe6c0f74733d20,3ffd1f59e4c79d9c35220f6ce1b1d2d5db51e74d6aaf5c4eebcef9669f0e5a75,3,3,"[214164,214164,214164]","[3287,3287,3287]","[104083011,104083011,104083011]","[33506,33506,33506]"
problem-02,lower,short-trace-final,short-trace-final,sha256:c045cedad0407af52c2d7faa26f00e6fb48605031adc73be301bb6ee469d0a00,108273,3273,49548623,88,OK,CPython 3.12 instruction events in target-source frames,"initial state, post-mutation boundaries, and return or unwind events in target-source frames",sum over the same complete state-observation series as StateSize,16807,e31fd35ee492904181cae37478221d7f0b37da3131bda2b665dd2f5ea4172c0c,70f252a4dd4676be106c0b7a885f3832660c44db58c59448bd1e066febc2b1b6,7d189039c67a819dc56117cae796324ea6f8aa266ebc061e50fb7c8d9896fe66,3,3,"[108273,108273,108273]","[3273,3273,3273]","[49548623,49548623,49548623]","[16807,16807,16807]"
problem-02,lower,long-trace-final,long-trace-final,sha256:2c6c086992c204f9156a73eca1a86fe4ad8b4777c9b50ca69f44efa3a0ec804d,221700,3300,106084790,88,OK,CPython 3.12 instruction events in target-source frames,"initial state, post-mutation boundaries, and return or unwind events in target-source frames",sum over the same complete state-observation series as StateSize,34571,e31fd35ee492904181cae37478221d7f0b37da3131bda2b665dd2f5ea4172c0c,1758ec113b48cdf7d3376fc40a7abbef4f47959c1f30179108211f24978a2d5b,76b65b66e1849c253a945e202ff3b6cdbf519580b914bd1f49ad415433516df8,3,3,"[221700,221700,221700]","[3300,3300,3300]","[106084790,106084790,106084790]","[34571,34571,34571]"
problem-02,lower,inside-loop-state,inside-loop-state,sha256:43ea44d05f37e33633d2f43ad399b115c3066c018f15acef6f477c034fdda927,177007,3291,86252989,89,OK,CPython 3.12 instruction events in target-source frames,"initial state, post-mutation boundaries, and return or unwind events in target-source frames",sum over the same complete state-observation series as StateSize,27927,fb314c569ecc908a943a8161b451311d659fc52080199705f0a134ab22c92427,1758ec113b48cdf7d3376fc40a7abbef4f47959c1f30179108211f24978a2d5b,8e987bc6efb0bf5fe9136e3e58f339c79724ee0872c87d20450ff7cbf18f9ad9,3,3,"[177007,177007,177007]","[3291,3291,3291]","[86252989,86252989,86252989]","[27927,27927,27927]"
problem-02,lower,post-loop-state,post-loop-state,sha256:ba7d1febfb83991899883c292120818d9f29e3dd565ec4a93b6368650d9b3d8b,213305,3300,103617741,88,OK,CPython 3.12 instruction events in target-source frames,"initial state, post-mutation boundaries, and return or unwind events in target-source frames",sum over the same complete state-observation series as StateSize,33346,bd95e7b031735e8675466b2ace9710aea598d24582ef85c2d2798bc2286b307d,1758ec113b48cdf7d3376fc40a7abbef4f47959c1f30179108211f24978a2d5b,e0c30a8befeeb6179e5e1eab4b6eff2370f49764dd1f0ec41b92e578479e3cf7,3,3,"[213305,213305,213305]","[3300,3300,3300]","[103617741,103617741,103617741]","[33346,33346,33346]"
problem-03,lower,short-trace-final,short-trace-final,sha256:de9b7f7e58c8ec2d2f824891cdd79a1b094a45ac4742558225294573439b316d,92185,3245,42074911,88,OK,CPython 3.12 instruction events in target-source frames,"initial state, post-mutation boundaries, and return or unwind events in target-source frames",sum over the same complete state-observation series as StateSize,14550,e31fd35ee492904181cae37478221d7f0b37da3131bda2b665dd2f5ea4172c0c,a4d26b388ab940b254dac430576730bb61f4c149ca2275ed45d086b4a8d0c2fc,4a00d4fa60fd000582a6c45b6b6a7a71340459350f0847adf47ef022b783230b,3,3,"[92185,92185,92185]","[3245,3245,3245]","[42074911,42074911,42074911]","[14550,14550,14550]"
problem-03,lower,long-trace-final,long-trace-final,sha256:5cd8a44109e568c902e2d582d4448650c2d4a64ee9ae4e391cf17a60348468b4,217522,3293,103766078,88,OK,CPython 3.12 instruction events in target-source frames,"initial state, post-mutation boundaries, and return or unwind events in target-source frames",sum over the same complete state-observation series as StateSize,33885,e31fd35ee492904181cae37478221d7f0b37da3131bda2b665dd2f5ea4172c0c,1381400aeb1cc8abd4ef16e213a7cf30eb5703707517ccc11196f74b7686b11f,c162d2824d9b540d93c46463f66e16c698c0c96eef0d304198bc58df86d298ee,3,3,"[217522,217522,217522]","[3293,3293,3293]","[103766078,103766078,103766078]","[33885,33885,33885]"
problem-03,lower,inside-loop-state,inside-loop-state,sha256:587d5ad47aee9baac51abb2d6ac720bc8b29f8e6c6f98e2e7066bb6d8bac30a1,178047,3294,86715276,89,OK,CPython 3.12 instruction events in target-source frames,"initial state, post-mutation boundaries, and return or unwind events in target-source frames",sum over the same complete state-observation series as StateSize,28116,fb314c569ecc908a943a8161b451311d659fc52080199705f0a134ab22c92427,1381400aeb1cc8abd4ef16e213a7cf30eb5703707517ccc11196f74b7686b11f,a7273b581a2848f94801fb9920d09ec03dab67f61245e85f8f8b41274c51a911,3,3,"[178047,178047,178047]","[3294,3294,3294]","[86715276,86715276,86715276]","[28116,28116,28116]"
problem-03,lower,post-loop-state,post-loop-state,sha256:2acfa20a7ee16e7c373ae0cf23d876f6106fe1856336ee95352a6619b1420010,209127,3293,101288087,88,OK,CPython 3.12 instruction events in target-source frames,"initial state, post-mutation boundaries, and return or unwind events in target-source frames",sum over the same complete state-observation series as StateSize,32660,bd95e7b031735e8675466b2ace9710aea598d24582ef85c2d2798bc2286b307d,1381400aeb1cc8abd4ef16e213a7cf30eb5703707517ccc11196f74b7686b11f,2459d0b1933b0561966e9cffc39043882baf7bcfb01cb63a64e21c231c688aa3,3,3,"[209127,209127,209127]","[3293,3293,3293]","[101288087,101288087,101288087]","[32660,32660,32660]"
problem-04,lower,short-trace-final,short-trace-final,sha256:05aae40bc36e0df65171215e791c8e10e79babb0960ce78b876515d48b8accae,101454,3268,46566564,88,OK,CPython 3.12 instruction events in target-source frames,"initial state, post-mutation boundaries, and return or unwind events in target-source frames",sum over the same complete state-observation series as StateSize,15907,e31fd35ee492904181cae37478221d7f0b37da3131bda2b665dd2f5ea4172c0c,5a3f183cbc8e2fb303b64704df407c3dec5b1194700612e34b97801e9961b2ab,b2bafc3d92319a75370d1871bf551f8fc854abb7b7d3f8432b5530ecefa28bd2,3,3,"[101454,101454,101454]","[3268,3268,3268]","[46566564,46566564,46566564]","[15907,15907,15907]"
problem-04,lower,long-trace-final,long-trace-final,sha256:7ad230089b4b878cee95f70563245eea351dea877118fcf8a597be6bd90d14f5,231312,3282,110780630,88,OK,CPython 3.12 instruction events in target-source frames,"initial state, post-mutation boundaries, and return or unwind events in target-source frames",sum over the same complete state-observation series as StateSize,36249,e31fd35ee492904181cae37478221d7f0b37da3131bda2b665dd2f5ea4172c0c,7cdc6a44fc2a3539c4522ef55462e45f552af5981c4476670f5a99ff7ea62376,c6fc63a5f4bf5fb2b295aaf5d3ce420ac30b47278e38fa09405137af54eb956a,3,3,"[231312,231312,231312]","[3282,3282,3282]","[110780630,110780630,110780630]","[36249,36249,36249]"
problem-04,lower,inside-loop-state,inside-loop-state,sha256:9aaa594325de39aafc50a9d96c539f0c1166bd50a8eff8c49c14c84270c4ff59,187012,3283,90997601,89,OK,CPython 3.12 instruction events in target-source frames,"initial state, post-mutation boundaries, and return or unwind events in target-source frames",sum over the same complete state-observation series as StateSize,29554,fb314c569ecc908a943a8161b451311d659fc52080199705f0a134ab22c92427,7cdc6a44fc2a3539c4522ef55462e45f552af5981c4476670f5a99ff7ea62376,c57b76557b38e98f17cc63be942664a7884637923d3c57d9d162b458847a38f9,3,3,"[187012,187012,187012]","[3283,3283,3283]","[90997601,90997601,90997601]","[29554,29554,29554]"
problem-04,lower,post-loop-state,post-loop-state,sha256:94ab1f7d2732d7ff5cef895f5b77e7fd081702b993a6eb7d3d5c505592cefb21,222917,3282,108335276,88,OK,CPython 3.12 instruction events in target-source frames,"initial state, post-mutation boundaries, and return or unwind events in target-source frames",sum over the same complete state-observation series as StateSize,35024,bd95e7b031735e8675466b2ace9710aea598d24582ef85c2d2798bc2286b307d,7cdc6a44fc2a3539c4522ef55462e45f552af5981c4476670f5a99ff7ea62376,21f8dc28e451aef2c2d25e117cbbb07a5b8bcaf62cb7641017c43fad7e6d7550,3,3,"[222917,222917,222917]","[3282,3282,3282]","[108335276,108335276,108335276]","[35024,35024,35024]"
problem-05,lower,short-trace-final,short-trace-final,sha256:9f6345f351d6266c0c09238729ff08378ce70e23ac0267c2e41f067733d6f579,92213,3261,42108814,88,OK,CPython 3.12 instruction events in target-source frames,"initial state, post-mutation boundaries, and return or unwind events in target-source frames",sum over the same complete state-observation series as StateSize,14482,e31fd35ee492904181cae37478221d7f0b37da3131bda2b665dd2f5ea4172c0c,198ad76cfa1a854983ef719580f6ca44429bab9561a80bd044e88495ba9490d6,672b4f2543e5f27bb54ce873224827a9ac81cc7feebbce9cbcd733266bd39346,3,3,"[92213,92213,92213]","[3261,3261,3261]","[42108814,42108814,42108814]","[14482,14482,14482]"
problem-05,lower,long-trace-final,long-trace-final,sha256:5a4822c8f4e084302eeecb07be76313448d56e02db866843273cfa2a79ca9b73,227879,3292,109339766,88,OK,CPython 3.12 instruction events in target-source frames,"initial state, post-mutation boundaries, and return or unwind events in target-source frames",sum over the same complete state-observation series as StateSize,35617,e31fd35ee492904181cae37478221d7f0b37da3131bda2b665dd2f5ea4172c0c,4d62f9877c336386c7fdc3164de25a22fba00a2e05f87f9c44265653df1893d1,ef1c2b85249d4294d511b92ef53daab7127b729baa6da3bc65fc90994d636a55,3,3,"[227879,227879,227879]","[3292,3292,3292]","[109339766,109339766,109339766]","[35617,35617,35617]"
problem-05,lower,inside-loop-state,inside-loop-state,sha256:e22303dc39b5dd7a5cac47da11bd364b0897fb8d8d9099162d7706552f9fa372,187905,3293,91831012,89,OK,CPython 3.12 instruction events in target-source frames,"initial state, post-mutation boundaries, and return or unwind events in target-source frames",sum over the same complete state-observation series as StateSize,29707,fb314c569ecc908a943a8161b451311d659fc52080199705f0a134ab22c92427,4d62f9877c336386c7fdc3164de25a22fba00a2e05f87f9c44265653df1893d1,8fd0525be828ab1273123482b3ea5c66e0f785f57c18ea3b75e8b23ff9cf6da0,3,3,"[187905,187905,187905]","[3293,3293,3293]","[91831012,91831012,91831012]","[29707,29707,29707]"
problem-05,lower,post-loop-state,post-loop-state,sha256:0f684ff85de199f8f7c7ffc32375f9b9e62fa5827fcecce50fb5d60bca08e280,219484,3292,106867870,88,OK,CPython 3.12 instruction events in target-source frames,"initial state, post-mutation boundaries, and return or unwind events in target-source frames",sum over the same complete state-observation series as StateSize,34392,bd95e7b031735e8675466b2ace9710aea598d24582ef85c2d2798bc2286b307d,4d62f9877c336386c7fdc3164de25a22fba00a2e05f87f9c44265653df1893d1,b83c640725687cc67cf4abcb388133736bfe9b9b13b0eaddac011c9882d1e9a4,3,3,"[219484,219484,219484]","[3292,3292,3292]","[106867870,106867870,106867870]","[34392,34392,34392]"
problem-06,lower,short-trace-final,short-trace-final,sha256:6a88d2c05b775fcb748a8354a26e9d76a3a40fbeb4478fdc3ede8d3a216d580f,93164,3267,42285721,88,OK,CPython 3.12 instruction events in target-source frames,"initial state, post-mutation boundaries, and return or unwind events in target-source frames",sum over the same complete state-observation series as StateSize,14540,e31fd35ee492904181cae37478221d7f0b37da3131bda2b665dd2f5ea4172c0c,d4c25accd478edefc581a35092a79c1c2e584b615b7d5c8ec3131a1e3159469e,d1fc50c040262d545cfe0932ee1a1947ae063d4644b0f2a466468e851d125468,3,3,"[93164,93164,93164]","[3267,3267,3267]","[42285721,42285721,42285721]","[14540,14540,14540]"
problem-06,lower,long-trace-final,long-trace-final,sha256:061a7cf51e116aa318d53740cdc4d580b6c9767f126c91061a484987b96cd0c7,220520,3288,105001210,88,OK,CPython 3.12 instruction events in target-source frames,"initial state, post-mutation boundaries, and return or unwind events in target-source frames",sum over the same complete state-observation series as StateSize,34264,e31fd35ee492904181cae37478221d7f0b37da3131bda2b665dd2f5ea4172c0c,adb412a1a5cac03658fdccd1a5984863f6626c7c395c8484b57ad2988b324ead,0d00ad0b0482e76b1136759c1673a4a2a274f27ef943a270cb4dad257c6c4ade,3,3,"[220520,220520,220520]","[3288,3288,3288]","[105001210,105001210,105001210]","[34264,34264,34264]"
problem-06,lower,inside-loop-state,inside-loop-state,sha256:cd00c1a7e81437959f3f7ae75d1cd3869cff5bb6980eec8d78e39979ad3c2a27,173832,3289,84465390,89,OK,CPython 3.12 instruction events in target-source frames,"initial state, post-mutation boundaries, and return or unwind events in target-source frames",sum over the same complete state-observation series as StateSize,27393,fb314c569ecc908a943a8161b451311d659fc52080199705f0a134ab22c92427,adb412a1a5cac03658fdccd1a5984863f6626c7c395c8484b57ad2988b324ead,d223b581ad974c425ca85fc73142e6b7bd846c16bd8ebccc9be53c372d0b10a0,3,3,"[173832,173832,173832]","[3289,3289,3289]","[84465390,84465390,84465390]","[27393,27393,27393]"
problem-06,lower,post-loop-state,post-loop-state,sha256:2c10823e77f28c1bd27318dfe6f1918fbe52e06174725d89f5e5d33bd0bd5510,212125,3288,102534063,88,OK,CPython 3.12 instruction events in target-source frames,"initial state, post-mutation boundaries, and return or unwind events in target-source frames",sum over the same complete state-observation series as StateSize,33039,bd95e7b031735e8675466b2ace9710aea598d24582ef85c2d2798bc2286b307d,adb412a1a5cac03658fdccd1a5984863f6626c7c395c8484b57ad2988b324ead,bcc698773aca21e3e0ea27e487fddb7cb2ae7e8c4ebabff7f72e587f3de0a7c5,3,3,"[212125,212125,212125]","[3288,3288,3288]","[102534063,102534063,102534063]","[33039,33039,33039]"
problem-07,lower,short-trace-final,short-trace-final,sha256:a804134b8daa3d73abbebef8e0e40694e39211ed7153b6ad7591756fe33cd167,100948,3281,45837857,88,OK,CPython 3.12 instruction events in target-source frames,"initial state, post-mutation boundaries, and return or unwind events in target-source frames",sum over the same complete state-observation series as StateSize,15605,e31fd35ee492904181cae37478221d7f0b37da3131bda2b665dd2f5ea4172c0c,6173158ab8146ca030b732a423fea9c2b97dff5128f86401b2362863f6834343,036cd6822ff5d23f51cbe51d88fc399e6676140184c5c6616f3ebf1cd8f71447,3,3,"[100948,100948,100948]","[3281,3281,3281]","[45837857,45837857,45837857]","[15605,15605,15605]"
problem-07,lower,long-trace-final,long-trace-final,sha256:0038af217dac3eb4ec50de238581737dacd10f0887c0b2b7bf8c89208e6efac5,223712,3300,107196992,88,OK,CPython 3.12 instruction events in target-source frames,"initial state, post-mutation boundaries, and return or unwind events in target-source frames",sum over the same complete state-observation series as StateSize,34940,e31fd35ee492904181cae37478221d7f0b37da3131bda2b665dd2f5ea4172c0c,4577679b2db0fe5c3702c1ddc891dd8642fffc088daf0eb2b799268dbee698ab,0bb627cbb078d65621645e80822bff5618e1a7ae4993cc47a1ca4649bfd27e8f,3,3,"[223712,223712,223712]","[3300,3300,3300]","[107196992,107196992,107196992]","[34940,34940,34940]"
problem-07,lower,inside-loop-state,inside-loop-state,sha256:3f021ab7fd773d4b5707b65f0ddba29e4e2f31918c7ad194865bdfdb2cc2fc23,189373,3301,92647385,89,OK,CPython 3.12 instruction events in target-source frames,"initial state, post-mutation boundaries, and return or unwind events in target-source frames",sum over the same complete state-observation series as StateSize,29953,fb314c569ecc908a943a8161b451311d659fc52080199705f0a134ab22c92427,4577679b2db0fe5c3702c1ddc891dd8642fffc088daf0eb2b799268dbee698ab,7b3fb28392caeec628b6733a6346cbb6654ea503af18101120a22150cdfc8417,3,3,"[189373,189373,189373]","[3301,3301,3301]","[92647385,92647385,92647385]","[29953,29953,29953]"
problem-07,lower,post-loop-state,post-loop-state,sha256:9e457d18bfaac327399393fdb975773303e803b2fd677d4bd2e6b7cd4ddc624c,215317,3300,104730191,88,OK,CPython 3.12 instruction events in target-source frames,"initial state, post-mutation boundaries, and return or unwind events in target-source frames",sum over the same complete state-observation series as StateSize,33715,bd95e7b031735e8675466b2ace9710aea598d24582ef85c2d2798bc2286b307d,4577679b2db0fe5c3702c1ddc891dd8642fffc088daf0eb2b799268dbee698ab,ba7d1824692da218874f3fded1b95c805e2bfc9e3bdd47265aaa8c5fb8f93512,3,3,"[215317,215317,215317]","[3300,3300,3300]","[104730191,104730191,104730191]","[33715,33715,33715]"
problem-08,lower,short-trace-final,short-trace-final,sha256:a7da9f82ea01769a6b8a112317eee4c6cc1f6de1fd6fdd14a5537d4ac9c80a0f,88887,3272,40757471,88,OK,CPython 3.12 instruction events in target-source frames,"initial state, post-mutation boundaries, and return or unwind events in target-source frames",sum over the same complete state-observation series as StateSize,14085,e31fd35ee492904181cae37478221d7f0b37da3131bda2b665dd2f5ea4172c0c,c782f08a45ca3999f4145372d253407a09c8886385c72e2d7ecae0cf29f23202,e3e0b86616c80c4a9939efbd144808ec139766dea5711ba4a01d1863723e2914,3,3,"[88887,88887,88887]","[3272,3272,3272]","[40757471,40757471,40757471]","[14085,14085,14085]"
problem-08,lower,long-trace-final,long-trace-final,sha256:f4f4c04290dfd1722493e9d5e7c6c040d58b8f4f1f2ea1ffd0972f45a5893717,210666,3289,100512495,88,OK,CPython 3.12 instruction events in target-source frames,"initial state, post-mutation boundaries, and return or unwind events in target-source frames",sum over the same complete state-observation series as StateSize,32888,e31fd35ee492904181cae37478221d7f0b37da3131bda2b665dd2f5ea4172c0c,4a499f2da599bae5437635906484bea9d42efe8d95278b2d3eb292acf7bdd915,c111ecc29400753114744210ed2d587cee8e5be62dd51dc893e3c970ae2cafaa,3,3,"[210666,210666,210666]","[3289,3289,3289]","[100512495,100512495,100512495]","[32888,32888,32888]"
problem-08,lower,inside-loop-state,inside-loop-state,sha256:7064354a09226b66ebb7194c3454eab73c7a5d95fb26e79e1817e12584f3f310,177328,3284,86637479,89,OK,CPython 3.12 instruction events in target-source frames,"initial state, post-mutation boundaries, and return or unwind events in target-source frames",sum over the same complete state-observation series as StateSize,28112,fb314c569ecc908a943a8161b451311d659fc52080199705f0a134ab22c92427,4a499f2da599bae5437635906484bea9d42efe8d95278b2d3eb292acf7bdd915,3b66ed5506ad652d305991e53784e8432c14367f8082a49e2d0ca2c4d04e3344,3,3,"[177328,177328,177328]","[3284,3284,3284]","[86637479,86637479,86637479]","[28112,28112,28112]"
problem-08,lower,post-loop-state,post-loop-state,sha256:e32673ca942baf21e1de8014e35df297a78a6d254c419164d155a8af936e67b4,202271,3289,98048888,88,OK,CPython 3.12 instruction events in target-source frames,"initial state, post-mutation boundaries, and return or unwind events in target-source frames",sum over the same complete state-observation series as StateSize,31663,bd95e7b031735e8675466b2ace9710aea598d24582ef85c2d2798bc2286b307d,4a499f2da599bae5437635906484bea9d42efe8d95278b2d3eb292acf7bdd915,d72f4aff5b7c3797bd650ca8b0e4ea5f11cffa56f04e06effe7f84b95d4686ad,3,3,"[202271,202271,202271]","[3289,3289,3289]","[98048888,98048888,98048888]","[31663,31663,31663]"
problem-09,lower,short-trace-final,short-trace-final,sha256:1f2e9f2d169b17ceb6021bac59f884fc4c71697048d44bcde003919a30c6bc01,105245,3267,47997571,88,OK,CPython 3.12 instruction events in target-source frames,"initial state, post-mutation boundaries, and return or unwind events in target-source frames",sum over the same complete state-observation series as StateSize,16362,e31fd35ee492904181cae37478221d7f0b37da3131bda2b665dd2f5ea4172c0c,a5437dce31fee5e311ee8db927584a68709510d9d165ce1057a81d9a61428c84,0a801f45561ef2beac77ce5b48ed74a135774d8c8f79c33ad9cebd33de1384e5,3,3,"[105245,105245,105245]","[3267,3267,3267]","[47997571,47997571,47997571]","[16362,16362,16362]"
problem-09,lower,long-trace-final,long-trace-final,sha256:d5594fe452f9751f9e5a7096c8f016b17a3d1be5849b3882dd8846f268197c8d,236362,3285,112165358,88,OK,CPython 3.12 instruction events in target-source frames,"initial state, post-mutation boundaries, and return or unwind events in target-source frames",sum over the same complete state-observation series as StateSize,36505,e31fd35ee492904181cae37478221d7f0b37da3131bda2b665dd2f5ea4172c0c,2c9860c3f4491078b8b0f4bd559b8668b3c7b30f8fd2bc3a40a1823e78ab555e,fa78fbd5ab0e7dbd76584e6dc2e30e84193c8ab0f716323c3eb271cc11ece4b9,3,3,"[236362,236362,236362]","[3285,3285,3285]","[112165358,112165358,112165358]","[36505,36505,36505]"
problem-09,lower,inside-loop-state,inside-loop-state,sha256:221039cb3147683b097b9a9e97cbc35a8b09ba4e290f73be9b1bca308fd93ce3,182596,3286,88571383,89,OK,CPython 3.12 instruction events in target-source frames,"initial state, post-mutation boundaries, and return or unwind events in target-source frames",sum over the same complete state-observation series as StateSize,28693,fb314c569ecc908a943a8161b451311d659fc52080199705f0a134ab22c92427,2c9860c3f4491078b8b0f4bd559b8668b3c7b30f8fd2bc3a40a1823e78ab555e,c36f64ff91bba17aa12996bf8b3912d6abb3f18ff25f72ec949e0ccd9e4b8e17,3,3,"[182596,182596,182596]","[3286,3286,3286]","[88571383,88571383,88571383]","[28693,28693,28693]"
problem-09,lower,post-loop-state,post-loop-state,sha256:2c9d501dc7cc0a1d91e2d7340569ca0ba384bdb40034069641418df06a065b02,227967,3285,109696931,88,OK,CPython 3.12 instruction events in target-source frames,"initial state, post-mutation boundaries, and return or unwind events in target-source frames",sum over the same complete state-observation series as StateSize,35280,bd95e7b031735e8675466b2ace9710aea598d24582ef85c2d2798bc2286b307d,2c9860c3f4491078b8b0f4bd559b8668b3c7b30f8fd2bc3a40a1823e78ab555e,4ef04bd3da2225c90078d9b083f77051980341520a5cc8408f0cb82d943f377f,3,3,"[227967,227967,227967]","[3285,3285,3285]","[109696931,109696931,109696931]","[35280,35280,35280]"
problem-10,lower,short-trace-final,short-trace-final,sha256:68a7353ba44980aa7c94507c7d2506366b7e1a6d3a9840cec0ba3fd243bb86ef,103733,3276,47569262,88,OK,CPython 3.12 instruction events in target-source frames,"initial state, post-mutation boundaries, and return or unwind events in target-source frames",sum over the same complete state-observation series as StateSize,16197,e31fd35ee492904181cae37478221d7f0b37da3131bda2b665dd2f5ea4172c0c,c30e0c09b218ba206be34e9a729013fef2fc761c3b7e9b61437283d0593245c8,ea86fe92b9380801a630303e65e02202e66a3de2f0d939cf4a28b8a4f4cdad2b,3,3,"[103733,103733,103733]","[3276,3276,3276]","[47569262,47569262,47569262]","[16197,16197,16197]"
problem-10,lower,long-trace-final,long-trace-final,sha256:b9350571c682c8ce1a385a3827b09b6195b6b0de80c103fe5638970bd0396907,224343,3277,106586617,88,OK,CPython 3.12 instruction events in target-source frames,"initial state, post-mutation boundaries, and return or unwind events in target-source frames",sum over the same complete state-observation series as StateSize,34863,e31fd35ee492904181cae37478221d7f0b37da3131bda2b665dd2f5ea4172c0c,11cd5b1d27b409e71a2bc7622caa1e0b653e9d0d8f7f997354914aab21fcd832,a7e09931fd4856597ae9d12900477f03c31bd75b6eb35fe4fee8c5708205aaeb,3,3,"[224343,224343,224343]","[3277,3277,3277]","[106586617,106586617,106586617]","[34863,34863,34863]"
problem-10,lower,inside-loop-state,inside-loop-state,sha256:4bfd0a8e336edf6d47adfddd74897b9784181700d614c66dab4d21903a7797cb,179176,3278,87339701,89,OK,CPython 3.12 instruction events in target-source frames,"initial state, post-mutation boundaries, and return or unwind events in target-source frames",sum over the same complete state-observation series as StateSize,28376,fb314c569ecc908a943a8161b451311d659fc52080199705f0a134ab22c92427,11cd5b1d27b409e71a2bc7622caa1e0b653e9d0d8f7f997354914aab21fcd832,d1f64c6fe33829c07f902a89f73a1fe6b35b0c615720b0ebf532599727668b62,3,3,"[179176,179176,179176]","[3278,3278,3278]","[87339701,87339701,87339701]","[28376,28376,28376]"
problem-10,lower,post-loop-state,post-loop-state,sha256:6d34f6c50beb59b579b867aa64417c1f8e212aca0c7dba85a4f8d73ad6395e15,215948,3277,104128226,88,OK,CPython 3.12 instruction events in target-source frames,"initial state, post-mutation boundaries, and return or unwind events in target-source frames",sum over the same complete state-observation series as StateSize,33638,bd95e7b031735e8675466b2ace9710aea598d24582ef85c2d2798bc2286b307d,11cd5b1d27b409e71a2bc7622caa1e0b653e9d0d8f7f997354914aab21fcd832,ee628660d9c9a5d1405600e9f952e35058df0aa2891e85140b07e05f39c23fd5,3,3,"[215948,215948,215948]","[3277,3277,3277]","[104128226,104128226,104128226]","[33638,33638,33638]"
problem-11,medium,short-trace-final,short-trace-final,sha256:26270b738997e89a812774051cc9205ec744eed12d5397ba27730fd1f3616545,293189,6085,249445643,88,OK,CPython 3.12 instruction events in target-source frames,"initial state, post-mutation boundaries, and return or unwind events in target-source frames",sum over the same complete state-observation series as StateSize,44136,e31fd35ee492904181cae37478221d7f0b37da3131bda2b665dd2f5ea4172c0c,9708a9e6fe7ed1a8d1c65db1e12a7924c1c82dff153a2cba0d68fa194e04c8ac,64388c8a689b5f3266cfe13a394a07dae3ab6f29c76ab335d33c21cd3beb0554,1,1,[293189],[6085],[249445643],[44136]
problem-11,medium,long-trace-final,long-trace-final,sha256:37449d8e8c91c57d5e2c5704a43fc22c0bd0599b769db5d859947f119c59900a,507023,6107,444084450,88,OK,CPython 3.12 instruction events in target-source frames,"initial state, post-mutation boundaries, and return or unwind events in target-source frames",sum over the same complete state-observation series as StateSize,76932,e31fd35ee492904181cae37478221d7f0b37da3131bda2b665dd2f5ea4172c0c,c5454f26b29bbb6b4a3c3e71c58980c1f2011acf06c2969f3f91ebc3a60734f8,e3f7640a51e620405b7d610e35b0b4c2b47929174c8a20c024d13fc3ab7f08da,1,1,[507023],[6107],[444084450],[76932]
problem-11,medium,inside-loop-state,inside-loop-state,sha256:9e616055a8b294cc727870ca9d00854bfd4625609bfaf8f7f208f2affda4e187,414516,6108,368909967,89,OK,CPython 3.12 instruction events in target-source frames,"initial state, post-mutation boundaries, and return or unwind events in target-source frames",sum over the same complete state-observation series as StateSize,63475,ce129fcd05ce56f2dbd6e5d5590570465f242d4e700723f7519c71115b54080a,c5454f26b29bbb6b4a3c3e71c58980c1f2011acf06c2969f3f91ebc3a60734f8,6a128c6b3651fe575ede47563187ad4169a3cafd455a5c1094b9ed2289233453,1,1,[414516],[6108],[368909967],[63475]
problem-11,medium,post-loop-state,post-loop-state,sha256:89cf19a5769900427442f00c16f675ef52b8c60cb6f502a5e54dafd29cbaa7b3,490939,6107,435321587,88,OK,CPython 3.12 instruction events in target-source frames,"initial state, post-mutation boundaries, and return or unwind events in target-source frames",sum over the same complete state-observation series as StateSize,74604,bd95e7b031735e8675466b2ace9710aea598d24582ef85c2d2798bc2286b307d,c5454f26b29bbb6b4a3c3e71c58980c1f2011acf06c2969f3f91ebc3a60734f8,63fdd8d73a13f49d242e24a828b779439257bf83ba048f813bf1c229629ea926,1,1,[490939],[6107],[435321587],[74604]
problem-12,medium,short-trace-final,short-trace-final,sha256:85aa9c8d83f90f5ce7ad3cbf050a51a8d8f6994499cd2159cb23a7ea82b1849e,284443,6074,241014984,88,OK,CPython 3.12 instruction events in target-source frames,"initial state, post-mutation boundaries, and return or unwind events in target-source frames",sum over the same complete state-observation series as StateSize,42833,e31fd35ee492904181cae37478221d7f0b37da3131bda2b665dd2f5ea4172c0c,6da94365eb663ec42e988ce09c305b682b2ed25f0bae1d7ad51a7db81b4fbfb0,11ec62c0495c4fefd2541ec427c03319fc01d8ea8c9ae327d0d23e95dd32800a,1,1,[284443],[6074],[241014984],[42833]
problem-12,medium,long-trace-final,long-trace-final,sha256:bbf72f7493684d660693adfc81bbd175088f4b46afda09d4b298512c72508c1b,497537,6110,432951324,88,OK,CPython 3.12 instruction events in target-source frames,"initial state, post-mutation boundaries, and return or unwind events in target-source frames",sum over the same complete state-observation series as StateSize,75011,e31fd35ee492904181cae37478221d7f0b37da3131bda2b665dd2f5ea4172c0c,0e9f19ba34bf18a727d490db7e4f4fa678d13aa947638088a7113d546b3c006a,a28483fc45beaaf890506df3ae7a47e3e51c60a3f10f45624e869344da4864e6,1,1,[497537],[6110],[432951324],[75011]
problem-12,medium,inside-loop-state,inside-loop-state,sha256:7b5df0851254363517f3ded42cf7a385fa51a85dd64743e6e008669e0faf5b82,420712,6111,373082051,89,OK,CPython 3.12 instruction events in target-source frames,"initial state, post-mutation boundaries, and return or unwind events in target-source frames",sum over the same complete state-observation series as StateSize,64156,ce129fcd05ce56f2dbd6e5d5590570465f242d4e700723f7519c71115b54080a,0e9f19ba34bf18a727d490db7e4f4fa678d13aa947638088a7113d546b3c006a,e5cdb8def905369fceb1e3b56dbf23ec9e66dafe808b65216ea79542e85dd146,1,1,[420712],[6111],[373082051],[64156]
problem-12,medium,post-loop-state,post-loop-state,sha256:958460d7ecf7621b9ecf5669fda846e1d9c0a7b4b399190aeed32c7df8b0699e,481453,6110,424195504,88,OK,CPython 3.12 instruction events in target-source frames,"initial state, post-mutation boundaries, and return or unwind events in target-source frames",sum over the same complete state-observation series as StateSize,72683,bd95e7b031735e8675466b2ace9710aea598d24582ef85c2d2798bc2286b307d,0e9f19ba34bf18a727d490db7e4f4fa678d13aa947638088a7113d546b3c006a,8bc28f429e0edebf9c9909d387178dbed7f861dc6ad1d9665a345253a20cfabb,1,1,[481453],[6110],[424195504],[72683]
problem-13,medium,short-trace-final,short-trace-final,sha256:eccc604db1d5cc06fe2c28b2456d93ecb100590e01fd6ce576ad76161a08aada,278749,6091,235146035,88,OK,CPython 3.12 instruction events in target-source frames,"initial state, post-mutation boundaries, and return or unwind events in target-source frames",sum over the same complete state-observation series as StateSize,41793,e31fd35ee492904181cae37478221d7f0b37da3131bda2b665dd2f5ea4172c0c,6d14dc1234d2eefbb89b74e4283b86198272da64c12ea57411064f23e3a9710d,af0f98190bdae564e289912d7261d9b6874845c29ece40253727f80672c56a7f,1,1,[278749],[6091],[235146035],[41793]
problem-13,medium,long-trace-final,long-trace-final,sha256:fc03a1fd966e3a60af4264cb997a959b0d3d39ccb2cc7f6636f0659db36c1fcf,560986,6117,490517655,88,OK,CPython 3.12 instruction events in target-source frames,"initial state, post-mutation boundaries, and return or unwind events in target-source frames",sum over the same complete state-observation series as StateSize,84554,e31fd35ee492904181cae37478221d7f0b37da3131bda2b665dd2f5ea4172c0c,7817a878a2512c99794ed9638996bb899c8f3cb62c1a48d957f6cb4d75413d2f,195accff42797c3116d8f3fa957213396f9296a6c19200506bb99ccfa986b5cc,1,1,[560986],[6117],[490517655],[84554]
problem-13,medium,inside-loop-state,inside-loop-state,sha256:2b247ce5916acd9195152fced59de2ae563f4cbdd37bfd795074e5f2ec115251,432012,6110,383128645,89,OK,CPython 3.12 instruction events in target-source frames,"initial state, post-mutation boundaries, and return or unwind events in target-source frames",sum over the same complete state-observation series as StateSize,65765,ce129fcd05ce56f2dbd6e5d5590570465f242d4e700723f7519c71115b54080a,7817a878a2512c99794ed9638996bb899c8f3cb62c1a48d957f6cb4d75413d2f,b6d783b8aa7a2678bc8d8cfd82b5da513347af5ba8f47e365bcc8e76a36b7d85,1,1,[432012],[6110],[383128645],[65765]
problem-13,medium,post-loop-state,post-loop-state,sha256:5c4433c9aa1b024d200559d67bbc7d578a21c39d10fb03ce2c6a5caae255993f,544902,6117,481716808,88,OK,CPython 3.12 instruction events in target-source frames,"initial state, post-mutation boundaries, and return or unwind events in target-source frames",sum over the same complete state-observation series as StateSize,82226,bd95e7b031735e8675466b2ace9710aea598d24582ef85c2d2798bc2286b307d,7817a878a2512c99794ed9638996bb899c8f3cb62c1a48d957f6cb4d75413d2f,d981f74ca6336b1ea6ba8cdb5b19b7632540edd22fe90d5054180c22567d127a,1,1,[544902],[6117],[481716808],[82226]
problem-14,medium,short-trace-final,short-trace-final,sha256:929856d52b4d3a50a8d477f065732fc3ff381b1ec26dfd9672f1bb3e81b9112e,269637,6098,229471960,88,OK,CPython 3.12 instruction events in target-source frames,"initial state, post-mutation boundaries, and return or unwind events in target-source frames",sum over the same complete state-observation series as StateSize,40771,e31fd35ee492904181cae37478221d7f0b37da3131bda2b665dd2f5ea4172c0c,c3a869536f3ed71ad48d6b2d855dc9360dbf14d1752687168d67d7a070548b45,c4986e864a68f723e2462c0a5f2602db4e7508509794caa52d506b0e13566033,1,1,[269637],[6098],[229471960],[40771]
problem-14,medium,long-trace-final,long-trace-final,sha256:e692c2f7963ddc6244570169d2564497fe9f12ef39e36f0f4f9f973b508f3616,522464,6116,453984472,88,OK,CPython 3.12 instruction events in target-source frames,"initial state, post-mutation boundaries, and return or unwind events in target-source frames",sum over the same complete state-observation series as StateSize,78414,e31fd35ee492904181cae37478221d7f0b37da3131bda2b665dd2f5ea4172c0c,636f10d1257e826acca875c69b5bbbdb42f1c6d2143271238530b298ed9d3dc5,33a7c4a8f2ee5ed1de5ba49b5865473945cf62332fcefb28d2397fb350a13807,1,1,[522464],[6116],[453984472],[78414]
problem-14,medium,inside-loop-state,inside-loop-state,sha256:b92de04f170b8d7777731ffc17b0ef112672dde69764b2e2b4544f1cbbfd2775,409055,6117,361942611,89,OK,CPython 3.12 instruction events in target-source frames,"initial state, post-mutation boundaries, and return or unwind events in target-source frames",sum over the same complete state-observation series as StateSize,62193,ce129fcd05ce56f2dbd6e5d5590570465f242d4e700723f7519c71115b54080a,636f10d1257e826acca875c69b5bbbdb42f1c6d2143271238530b298ed9d3dc5,2db0c9b4819bf4806328dc6751f20587fe233a9edc5404b4f9d5d6bf3c3d3c97,1,1,[409055],[6117],[361942611],[62193]
problem-14,medium,post-loop-state,post-loop-state,sha256:a428733484eb9e4568dc0f1944310d728394aa7a5f597f21fad8a5f17c349a92,506380,6116,445181821,88,OK,CPython 3.12 instruction events in target-source frames,"initial state, post-mutation boundaries, and return or unwind events in target-source frames",sum over the same complete state-observation series as StateSize,76086,bd95e7b031735e8675466b2ace9710aea598d24582ef85c2d2798bc2286b307d,636f10d1257e826acca875c69b5bbbdb42f1c6d2143271238530b298ed9d3dc5,af91a87e34b2f47d666704bbe8a04c51a01224808b179ede5fccd4faa2571912,1,1,[506380],[6116],[445181821],[76086]
problem-15,medium,short-trace-final,short-trace-final,sha256:649f09230fe16bc947760c4387cd544c37fec8d49083a073371770fa5ae3e1d1,264604,6087,223803302,88,OK,CPython 3.12 instruction events in target-source frames,"initial state, post-mutation boundaries, and return or unwind events in target-source frames",sum over the same complete state-observation series as StateSize,39875,e31fd35ee492904181cae37478221d7f0b37da3131bda2b665dd2f5ea4172c0c,72fea8763d759613a321d03759fd06d3c567551a41d936889b728ec92488e906,702451bda926c621e9bcb50efce35954d9e5b11ed5d9d934ca1f0b381cb51aac,1,1,[264604],[6087],[223803302],[39875]
problem-15,medium,long-trace-final,long-trace-final,sha256:8ab718d447d5782861bfa1a8a089a1b4a55c3c55b6ead5ff4abb068409ec1b6b,503847,6094,436441041,88,OK,CPython 3.12 instruction events in target-source frames,"initial state, post-mutation boundaries, and return or unwind events in target-source frames",sum over the same complete state-observation series as StateSize,75750,e31fd35ee492904181cae37478221d7f0b37da3131bda2b665dd2f5ea4172c0c,79e575e7c0db9b41686ed91b2caecec53af67ffc86364e4aa1877bd39e151312,5ad8645b8079b3391484a539ed4c83480cae5663bf312e9607e65241ae46783b,1,1,[503847],[6094],[436441041],[75750]
problem-15,medium,inside-loop-state,inside-loop-state,sha256:50e103eb8654ee1640e95f86191fb481f0e07e0bd366e6b5ce47d20c0a200912,405070,6089,356915477,89,OK,CPython 3.12 instruction events in target-source frames,"initial state, post-mutation boundaries, and return or unwind events in target-source frames",sum over the same complete state-observation series as StateSize,61600,ce129fcd05ce56f2dbd6e5d5590570465f242d4e700723f7519c71115b54080a,79e575e7c0db9b41686ed91b2caecec53af67ffc86364e4aa1877bd39e151312,61382185c5a7589323fa577511a0851295d86fcc3c40e5b6695267db63a6af1d,1,1,[405070],[6089],[356915477],[61600]
problem-15,medium,post-loop-state,post-loop-state,sha256:12301c45635de868f2a4e921222d940fcf33c2f6205d05fc21454266cfbc3061,487763,6094,427703242,88,OK,CPython 3.12 instruction events in target-source frames,"initial state, post-mutation boundaries, and return or unwind events in target-source frames",sum over the same complete state-observation series as StateSize,73422,bd95e7b031735e8675466b2ace9710aea598d24582ef85c2d2798bc2286b307d,79e575e7c0db9b41686ed91b2caecec53af67ffc86364e4aa1877bd39e151312,b54d53b7217216c48d872486ef806f19113cabb5393ba2a43b61b623f534af8b,1,1,[487763],[6094],[427703242],[73422]
problem-16,medium,short-trace-final,short-trace-final,sha256:64670fb8a7f19547ad0b0c7647c368cf26d355b1d2e0bedbf884079ff09d87fb,268255,6083,228210805,88,OK,CPython 3.12 instruction events in target-source frames,"initial state, post-mutation boundaries, and return or unwind events in target-source frames",sum over the same complete state-observation series as StateSize,40607,e31fd35ee492904181cae37478221d7f0b37da3131bda2b665dd2f5ea4172c0c,c0615ded6d21d886450686a4b7615dcce16bc163c93bcc1a9fd8cbd40c725d7f,9bd4bad438541870e78bb61691a82172c73c742bb5eff318138a922c0ef7490f,1,1,[268255],[6083],[228210805],[40607]
problem-16,medium,long-trace-final,long-trace-final,sha256:a01be6f53c51de04e80ef9a1b56b33bd854ea547c3ab8fbf01dd1719b64424e2,483711,6095,421537045,88,OK,CPython 3.12 instruction events in target-source frames,"initial state, post-mutation boundaries, and return or unwind events in target-source frames",sum over the same complete state-observation series as StateSize,73164,e31fd35ee492904181cae37478221d7f0b37da3131bda2b665dd2f5ea4172c0c,0fff6873513bbccc8ae094c54aad7f38b4d953791583dc4f34a264929ff17726,052ae6060361288ccef3675d83fcb1da3fa0a94d62bedc1142f3786d11408520,1,1,[483711],[6095],[421537045],[73164]
problem-16,medium,inside-loop-state,inside-loop-state,sha256:e785fbb7c44714837a925d69b7a0b7764633037949cf8e2d8eee2ac7af673285,414667,6096,368180968,89,OK,CPython 3.12 instruction events in target-source frames,"initial state, post-mutation boundaries, and return or unwind events in target-source frames",sum over the same complete state-observation series as StateSize,63391,ce129fcd05ce56f2dbd6e5d5590570465f242d4e700723f7519c71115b54080a,0fff6873513bbccc8ae094c54aad7f38b4d953791583dc4f34a264929ff17726,76bc9e4695c2a04293766ade5da6343c3ca9584eeb0aaca3e055c858dd334ecb,1,1,[414667],[6096],[368180968],[63391]
problem-16,medium,post-loop-state,post-loop-state,sha256:8368e978d24c4b3ea18f7eb2ea99706b1e5473aa07f13c4bb3fe6fe619fee763,467627,6095,412755169,88,OK,CPython 3.12 instruction events in target-source frames,"initial state, post-mutation boundaries, and return or unwind events in target-source frames",sum over the same complete state-observation series as StateSize,70836,bd95e7b031735e8675466b2ace9710aea598d24582ef85c2d2798bc2286b307d,0fff6873513bbccc8ae094c54aad7f38b4d953791583dc4f34a264929ff17726,9358c805f11009ca767dc30a654dbc7c114ae3588f9e4c06cdd36d49801d1833,1,1,[467627],[6095],[412755169],[70836]
problem-17,medium,short-trace-final,short-trace-final,sha256:23bfd7217d9ba652a3156953e53db1b393d9093de1553e00151f9992835a6c12,263095,6090,223229148,88,OK,CPython 3.12 instruction events in target-source frames,"initial state, post-mutation boundaries, and return or unwind events in target-source frames",sum over the same complete state-observation series as StateSize,39705,e31fd35ee492904181cae37478221d7f0b37da3131bda2b665dd2f5ea4172c0c,d864d4298a66bdd14f60fc96fbbcef71633d96aa6eca3febc7eb46f2d754edd6,d4b0c2d2aa96f7d3a6b0251480132cecd03e97195a2aba2d5b5922b75a9ae997,1,1,[263095],[6090],[223229148],[39705]
problem-17,medium,long-trace-final,long-trace-final,sha256:c1d6591d0bf5a1829058e47370a9ecca6ddf09033379e65669b82b28603cf1e2,536385,6105,463649225,88,OK,CPython 3.12 instruction events in target-source frames,"initial state, post-mutation boundaries, and return or unwind events in target-source frames",sum over the same complete state-observation series as StateSize,80125,e31fd35ee492904181cae37478221d7f0b37da3131bda2b665dd2f5ea4172c0c,8b0905059a345f07c22d6860bf80900e7525013c58a4c60e57cccf6822a451c6,945686c432142fc0895760e8c2128e2133275c16cbc2f540fc56419f0dec1277,1,1,[536385],[6105],[463649225],[80125]
problem-17,medium,inside-loop-state,inside-loop-state,sha256:ffbe22e9b9ecc46324d4d5b73a4a9fb9116281954ab9775b607d59ad2563ff75,435317,6106,383560235,89,OK,CPython 3.12 instruction events in target-source frames,"initial state, post-mutation boundaries, and return or unwind events in target-source frames",sum over the same complete state-observation series as StateSize,65890,ce129fcd05ce56f2dbd6e5d5590570465f242d4e700723f7519c71115b54080a,8b0905059a345f07c22d6860bf80900e7525013c58a4c60e57cccf6822a451c6,45ee55bd48252ab7b22c4e5c47946178f6299a47da90cf3f4657d69aa051cbd8,1,1,[435317],[6106],[383560235],[65890]
problem-17,medium,post-loop-state,post-loop-state,sha256:a71207cf0c9322ded7b4ad736d0eb7fe58ca15c45d6aad6ed8aa8f7de3eda7b2,520301,6105,454871889,88,OK,CPython 3.12 instruction events in target-source frames,"initial state, post-mutation boundaries, and return or unwind events in target-source frames",sum over the same complete state-observation series as StateSize,77797,bd95e7b031735e8675466b2ace9710aea598d24582ef85c2d2798bc2286b307d,8b0905059a345f07c22d6860bf80900e7525013c58a4c60e57cccf6822a451c6,f7c2fbd878553c4bcf4739b56d8db8e3dbdde2f24d5a0746856a9e091cdc6567,1,1,[520301],[6105],[454871889],[77797]
problem-18,medium,short-trace-final,short-trace-final,sha256:55ce2dca47dbe112e5ff867e7e8bfbd2311a4010bf0497e1f33d5e2d3b6b309d,258069,6069,218821560,88,OK,CPython 3.12 instruction events in target-source frames,"initial state, post-mutation boundaries, and return or unwind events in target-source frames",sum over the same complete state-observation series as StateSize,39101,e31fd35ee492904181cae37478221d7f0b37da3131bda2b665dd2f5ea4172c0c,395a25881633a48d2e98ed6690986056e947cbe403091f6446f55aa9d0e3eec8,2ba3be5aa3ea8ccfc32ed3174a97d9e5818d0166c3085223bae94a246cbfe43f,1,1,[258069],[6069],[218821560],[39101]
problem-18,medium,long-trace-final,long-trace-final,sha256:3e1043702949a2334ffeb4aae795b5838059d006655a0bbf6798f0b6adeb085f,492562,6098,428678521,88,OK,CPython 3.12 instruction events in target-source frames,"initial state, post-mutation boundaries, and return or unwind events in target-source frames",sum over the same complete state-observation series as StateSize,74354,e31fd35ee492904181cae37478221d7f0b37da3131bda2b665dd2f5ea4172c0c,32fc1a6f7d2f1d0ea984657862079f8259a77e74d56ae9a3760744eca9013db2,8ad44edf3241cb1b291d083dce82e607a098eea253f812713d4a8e399a10414b,1,1,[492562],[6098],[428678521],[74354]
problem-18,medium,inside-loop-state,inside-loop-state,sha256:d9fde9c0b10033b45350be818f38a02f7530deefc277daf7ca51e91be628bf0d,419419,6099,371614735,89,OK,CPython 3.12 instruction events in target-source frames,"initial state, post-mutation boundaries, and return or unwind events in target-source frames",sum over the same complete state-observation series as StateSize,63961,ce129fcd05ce56f2dbd6e5d5590570465f242d4e700723f7519c71115b54080a,32fc1a6f7d2f1d0ea984657862079f8259a77e74d56ae9a3760744eca9013db2,ea8b5e36ee093b9aee712f438399f9c8aacce9e6b16430aea723c0925b3de36a,1,1,[419419],[6099],[371614735],[63961]
problem-18,medium,post-loop-state,post-loop-state,sha256:ec5ffe88fa32f58a281e2a9be9970228c8f780ce294441e0d8ca083c44ab7cb9,476478,6098,419932136,88,OK,CPython 3.12 instruction events in target-source frames,"initial state, post-mutation boundaries, and return or unwind events in target-source frames",sum over the same complete state-observation series as StateSize,72026,bd95e7b031735e8675466b2ace9710aea598d24582ef85c2d2798bc2286b307d,32fc1a6f7d2f1d0ea984657862079f8259a77e74d56ae9a3760744eca9013db2,e5681f950ba32b9e16e17e76ce18e49da55b93ec17840b097e85201b1367c8b2,1,1,[476478],[6098],[419932136],[72026]
problem-19,medium,short-trace-final,short-trace-final,sha256:e573b78b30a2d6877c5e647ea6ef1ebbe778918dafdef3ce3ca1ef425adf4aae,309010,6101,264764292,88,OK,CPython 3.12 instruction events in target-source frames,"initial state, post-mutation boundaries, and return or unwind events in target-source frames",sum over the same complete state-observation series as StateSize,46649,e31fd35ee492904181cae37478221d7f0b37da3131bda2b665dd2f5ea4172c0c,52809f0ec021b74a57701878cd91b9f1ded98b726d6063bda03c80dab344d41d,b3404528b33f97b64e2aa71d64bca0b20c0f61bb15b10461f09c65cc8ca7eaca,1,1,[309010],[6101],[264764292],[46649]
problem-19,medium,long-trace-final,long-trace-final,sha256:48814bea3c8f1e5cd1614a147556846e339503cb69e0803c858796e6f058c6eb,553979,6117,479650352,88,OK,CPython 3.12 instruction events in target-source frames,"initial state, post-mutation boundaries, and return or unwind events in target-source frames",sum over the same complete state-observation series as StateSize,82646,e31fd35ee492904181cae37478221d7f0b37da3131bda2b665dd2f5ea4172c0c,3ea119ff2dbaf46d01baa8bc52b27c6a8ef44ccff3fc956a019cb36f58468692,e4a1b8d919ed0b9c98c11f92ff7a5a15e5fa516d870f81acf10189ddf612809d,1,1,[553979],[6117],[479650352],[82646]
problem-19,medium,inside-loop-state,inside-loop-state,sha256:7c4063bd0e506396a919ac229901d3779224482c2f0a86685fac407a77181b08,429295,6118,377812973,89,OK,CPython 3.12 instruction events in target-source frames,"initial state, post-mutation boundaries, and return or unwind events in target-source frames",sum over the same complete state-observation series as StateSize,64813,ce129fcd05ce56f2dbd6e5d5590570465f242d4e700723f7519c71115b54080a,3ea119ff2dbaf46d01baa8bc52b27c6a8ef44ccff3fc956a019cb36f58468692,519bda645ad6938910d3c2aa34fb3fc54a4c78a3a8d47db3a18df19d83115843,1,1,[429295],[6118],[377812973],[64813]
problem-19,medium,post-loop-state,post-loop-state,sha256:67005c3e5fba330dd029ce911161dd9d7c281181ffdda26a6c04f791843ce5b0,537895,6117,470831132,88,OK,CPython 3.12 instruction events in target-source frames,"initial state, post-mutation boundaries, and return or unwind events in target-source frames",sum over the same complete state-observation series as StateSize,80318,bd95e7b031735e8675466b2ace9710aea598d24582ef85c2d2798bc2286b307d,3ea119ff2dbaf46d01baa8bc52b27c6a8ef44ccff3fc956a019cb36f58468692,dad3207a631a5476f5c2e77f70539dfa8d16fef49f394d2b34042182d162c5c9,1,1,[537895],[6117],[470831132],[80318]
problem-20,medium,short-trace-final,short-trace-final,sha256:9e0c8296a9f0717b3ada2dc70705058a39ba1d561df45643b9a79d3f62c7ee4f,267137,6060,225373297,88,OK,CPython 3.12 instruction events in target-source frames,"initial state, post-mutation boundaries, and return or unwind events in target-source frames",sum over the same complete state-observation series as StateSize,40300,e31fd35ee492904181cae37478221d7f0b37da3131bda2b665dd2f5ea4172c0c,5e025ffe5161b71594f34e08d500cd84cb38ca3b703fd9241c7305e50618d5da,a1939ecf12101238f42a53d3ab82ae7993b41ae761efdb9093bfd47bbab10382,1,1,[267137],[6060],[225373297],[40300]
problem-20,medium,long-trace-final,long-trace-final,sha256:cfdd0f3fcdabe8556447869245ebb13768cf9520d32294331ed86a2fcdda934e,508139,6094,441795364,88,OK,CPython 3.12 instruction events in target-source frames,"initial state, post-mutation boundaries, and return or unwind events in target-source frames",sum over the same complete state-observation series as StateSize,76715,e31fd35ee492904181cae37478221d7f0b37da3131bda2b665dd2f5ea4172c0c,b01c69c7611111cbbb8f5282ccb1c3eb4a6e30f3062bed552c7a7ff3400da64d,2beaa974cd942cde4428bcfba0b1647054643311aaf79484881bd7a72fb7d4e5,1,1,[508139],[6094],[441795364],[76715]
problem-20,medium,inside-loop-state,inside-loop-state,sha256:bd5bcbf1a9fbe0d7ec617f2eb09018adffc1493412d300f645de5abb9bb358e1,415556,6095,367739149,89,OK,CPython 3.12 instruction events in target-source frames,"initial state, post-mutation boundaries, and return or unwind events in target-source frames",sum over the same complete state-observation series as StateSize,63444,ce129fcd05ce56f2dbd6e5d5590570465f242d4e700723f7519c71115b54080a,b01c69c7611111cbbb8f5282ccb1c3eb4a6e30f3062bed552c7a7ff3400da64d,d54eb80096cfe8b9083fe0fffc68f68a8b175e9812ecfaf835d067948349c3f2,1,1,[415556],[6095],[367739149],[63444]
problem-20,medium,post-loop-state,post-loop-state,sha256:18ed8611483fb7761108ab3d6d83b912b08a4b16125c798ed34fc0e54d1d0305,492055,6094,433057980,88,OK,CPython 3.12 instruction events in target-source frames,"initial state, post-mutation boundaries, and return or unwind events in target-source frames",sum over the same complete state-observation series as StateSize,74387,bd95e7b031735e8675466b2ace9710aea598d24582ef85c2d2798bc2286b307d,b01c69c7611111cbbb8f5282ccb1c3eb4a6e30f3062bed552c7a7ff3400da64d,857db1fc4a1685810019edf290f1ab9e0556959a93ab3d5c823d613571f9e121,1,1,[492055],[6094],[433057980],[74387]
problem-21,higher,short-trace-final,short-trace-final,sha256:c08e9d12f0c628db74c80e296b9aeaa44f2ff442479546e4521c875bc621edcf,676300,10740,1004305853,88,OK,CPython 3.12 instruction events in target-source frames,"initial state, post-mutation boundaries, and return or unwind events in target-source frames",sum over the same complete state-observation series as StateSize,99309,e31fd35ee492904181cae37478221d7f0b37da3131bda2b665dd2f5ea4172c0c,a25dae488c1debd4bbef8b24f95edbee250151bc8ec9efffe1f68baeca0bd8c1,de8d66b8bd531bee2e769d329cc2a3a500ca1d14cfae601a88af9b220416e796,1,1,[676300],[10740],[1004305853],[99309]
problem-21,higher,long-trace-final,long-trace-final,sha256:abae68d8201478b8273623d6f31c7f95f798e23c59176c1c030258097c23bc2a,1103682,10755,1658937208,88,OK,CPython 3.12 instruction events in target-source frames,"initial state, post-mutation boundaries, and return or unwind events in target-source frames",sum over the same complete state-observation series as StateSize,161505,e31fd35ee492904181cae37478221d7f0b37da3131bda2b665dd2f5ea4172c0c,5e0ae39886d03de8d2f08b1495a7f6843ada2e333681ab182618c724b4f1319e,dc5998605d07ef40ffbd541fda7579caa9d4aa052407564357a4936daa4afaa9,1,1,[1103682],[10755],[1658937208],[161505]
problem-21,higher,inside-loop-state,inside-loop-state,sha256:6b893d1fe6186f33bb87627c625c620c60c23d16b1eb380e5428287d7bcd173b,908439,10756,1387445444,89,OK,CPython 3.12 instruction events in target-source frames,"initial state, post-mutation boundaries, and return or unwind events in target-source frames",sum over the same complete state-observation series as StateSize,134343,71691751972feac3fc8082a24a73416ada46f3257f26699f689a0d7687c657c3,5e0ae39886d03de8d2f08b1495a7f6843ada2e333681ab182618c724b4f1319e,3ab047a94fb8b39a90bebba39d7762e26e9e7e25693799c574e7d654f286e123,1,1,[908439],[10756],[1387445444],[134343]
problem-21,higher,post-loop-state,post-loop-state,sha256:b1ba4c145bc3491180d71e43456f0de195530e4eda327d97e480319644d54468,1074688,10755,1630988145,88,OK,CPython 3.12 instruction events in target-source frames,"initial state, post-mutation boundaries, and return or unwind events in target-source frames",sum over the same complete state-observation series as StateSize,157327,bd95e7b031735e8675466b2ace9710aea598d24582ef85c2d2798bc2286b307d,5e0ae39886d03de8d2f08b1495a7f6843ada2e333681ab182618c724b4f1319e,458bf01aee62ae4002ef005968fb72c2b8863d667190474797dd6b63fdd3433f,1,1,[1074688],[10755],[1630988145],[157327]
problem-22,higher,short-trace-final,short-trace-final,sha256:bdfb4ea940fcc763a5c0367908bb8a2418611ecbf44f222ddd6008ab05066e5a,672322,10754,995709142,88,OK,CPython 3.12 instruction events in target-source frames,"initial state, post-mutation boundaries, and return or unwind events in target-source frames",sum over the same complete state-observation series as StateSize,98333,e31fd35ee492904181cae37478221d7f0b37da3131bda2b665dd2f5ea4172c0c,244b26863f847c0967fa4ec19cd7ee2884a43a7ba18517d31e6a04433e50b476,d513a190f420f4b5919f6823d37b3bebc96b85a7a18a838f1da8ca7f1d5d8940,1,1,[672322],[10754],[995709142],[98333]
problem-22,higher,long-trace-final,long-trace-final,sha256:d095f6706999a481b592168652c7c699ef339254946149818a5f8ab337c7f262,1132431,10733,1693333624,88,OK,CPython 3.12 instruction events in target-source frames,"initial state, post-mutation boundaries, and return or unwind events in target-source frames",sum over the same complete state-observation series as StateSize,165026,e31fd35ee492904181cae37478221d7f0b37da3131bda2b665dd2f5ea4172c0c,e6499e9c2a2cf13bca8f59c85dce3a2970bb95d96a213db7d38b7d1ea7ad2f0b,6ee0a94a5726727911841db00b7dffc925379d5f5a959822bb210f354250feb0,1,1,[1132431],[10733],[1693333624],[165026]
problem-22,higher,inside-loop-state,inside-loop-state,sha256:895a3e331a4a70e78f11ec4c30afb51f9695d33bfe2745487c604118a27dc196,947612,10734,1441450912,89,OK,CPython 3.12 instruction events in target-source frames,"initial state, post-mutation boundaries, and return or unwind events in target-source frames",sum over the same complete state-observation series as StateSize,139700,71691751972feac3fc8082a24a73416ada46f3257f26699f689a0d7687c657c3,e6499e9c2a2cf13bca8f59c85dce3a2970bb95d96a213db7d38b7d1ea7ad2f0b,984827f79001bb409c291df46102bc19c6436f4de7090612f73a2d4083840733,1,1,[947612],[10734],[1441450912],[139700]
problem-22,higher,post-loop-state,post-loop-state,sha256:642b405db89f31906ffda3368213a2dea48b194489eef14859eba92a495738dc,1103437,10733,1665467754,88,OK,CPython 3.12 instruction events in target-source frames,"initial state, post-mutation boundaries, and return or unwind events in target-source frames",sum over the same complete state-observation series as StateSize,160848,bd95e7b031735e8675466b2ace9710aea598d24582ef85c2d2798bc2286b307d,e6499e9c2a2cf13bca8f59c85dce3a2970bb95d96a213db7d38b7d1ea7ad2f0b,2bf36f23a2943daceb428de66d8d57d3f519dd65c84aeb0af7a5a7ac813712fd,1,1,[1103437],[10733],[1665467754],[160848]
problem-23,higher,short-trace-final,short-trace-final,sha256:78febcc2681676995da118209adc295d1c6f8449ddc2f697eff5823e74d2c92b,693244,10740,1035105717,88,OK,CPython 3.12 instruction events in target-source frames,"initial state, post-mutation boundaries, and return or unwind events in target-source frames",sum over the same complete state-observation series as StateSize,102079,e31fd35ee492904181cae37478221d7f0b37da3131bda2b665dd2f5ea4172c0c,e7e5a64035f9780c305bd6755869e8e5720efb707cdbd142b2a002ef64055703,b6978ef29ce6c20b55f0696550f1a5a5174b74e1aad80646f166179ea3088216,1,1,[693244],[10740],[1035105717],[102079]
problem-23,higher,long-trace-final,long-trace-final,sha256:1245ebbf69a81bcb8f23d1a367d4077c7ff732cf2ca37e553c4ad80d11a1687e,1158204,10754,1737760921,88,OK,CPython 3.12 instruction events in target-source frames,"initial state, post-mutation boundaries, and return or unwind events in target-source frames",sum over the same complete state-observation series as StateSize,168909,e31fd35ee492904181cae37478221d7f0b37da3131bda2b665dd2f5ea4172c0c,0bff90ecb438ed336874f571b317b0b82a580783a0888398ce590cd124c90b37,d8dd01cc3183c98545b3c1c40e7384d21171a98c0fc4c9895e8df2ddffea2bd6,1,1,[1158204],[10754],[1737760921],[168909]
problem-23,higher,inside-loop-state,inside-loop-state,sha256:c5b04d442721c6e23d53ded804f222ca9bc2bd35cb825d975482627fa2f68eb8,954487,10755,1455506026,89,OK,CPython 3.12 instruction events in target-source frames,"initial state, post-mutation boundaries, and return or unwind events in target-source frames",sum over the same complete state-observation series as StateSize,140701,71691751972feac3fc8082a24a73416ada46f3257f26699f689a0d7687c657c3,0bff90ecb438ed336874f571b317b0b82a580783a0888398ce590cd124c90b37,c7fc158b9b7b4b7fd5e5e21c6f99c92b5a0a5b9d1d76eca23d4d435dac299656,1,1,[954487],[10755],[1455506026],[140701]
problem-23,higher,post-loop-state,post-loop-state,sha256:f422207380b27c4b9c9e1403517b42b55f6342cd02514f3d18cff14a6eaf23b9,1129210,10754,1709832203,88,OK,CPython 3.12 instruction events in target-source frames,"initial state, post-mutation boundaries, and return or unwind events in target-source frames",sum over the same complete state-observation series as StateSize,164731,bd95e7b031735e8675466b2ace9710aea598d24582ef85c2d2798bc2286b307d,0bff90ecb438ed336874f571b317b0b82a580783a0888398ce590cd124c90b37,6eded5d2a36768717f7c0aa9feb23fdc835f051ae52b4f36f6b1d40722b02883,1,1,[1129210],[10754],[1709832203],[164731]
problem-24,higher,short-trace-final,short-trace-final,sha256:da5e2129ac6eb31efb9c60f4456bf6a53cf0c9c972c82515c6421612ad91b98c,682729,10731,1011591849,88,OK,CPython 3.12 instruction events in target-source frames,"initial state, post-mutation boundaries, and return or unwind events in target-source frames",sum over the same complete state-observation series as StateSize,99998,e31fd35ee492904181cae37478221d7f0b37da3131bda2b665dd2f5ea4172c0c,5da27b1df229c00f7ce8b6beee49fdce399c9013fec11c742f794499ab565860,f93389120464810c40ed5822f62a5f103cd8234950c19dcc62fb00eb99e35d9f,1,1,[682729],[10731],[1011591849],[99998]
problem-24,higher,long-trace-final,long-trace-final,sha256:312cb1244299d8ea29ce3be52759a05aaf6f571f4cabdb8de4cdfefc53c21127,1152328,10750,1732693205,88,OK,CPython 3.12 instruction events in target-source frames,"initial state, post-mutation boundaries, and return or unwind events in target-source frames",sum over the same complete state-observation series as StateSize,168548,e31fd35ee492904181cae37478221d7f0b37da3131bda2b665dd2f5ea4172c0c,eee4aef991fa5f910d83cf3a43eb2fc3a0adba793405179a81dde80ee355093c,be52dbbf8f67cda9bc38bfc4957a68f692cb9ebde5b47a98c782f0cae1bd91f3,1,1,[1152328],[10750],[1732693205],[168548]
problem-24,higher,inside-loop-state,inside-loop-state,sha256:c151679cf530cdccea973844a665dbb377147bfda08d781a73e4cebd8e7aa207,951623,10751,1456710920,89,OK,CPython 3.12 instruction events in target-source frames,"initial state, post-mutation boundaries, and return or unwind events in target-source frames",sum over the same complete state-observation series as StateSize,140932,71691751972feac3fc8082a24a73416ada46f3257f26699f689a0d7687c657c3,eee4aef991fa5f910d83cf3a43eb2fc3a0adba793405179a81dde80ee355093c,2b641dcd38ae1c6c15e38d4f6cc592ca76567d98e45115d9137ba1632caa49b2,1,1,[951623],[10751],[1456710920],[140932]
problem-24,higher,post-loop-state,post-loop-state,sha256:a9bba3e75ac97caf5a230d723fd189724ff0563bea2bef0b001eb7655cd5c948,1123334,10750,1704789888,88,OK,CPython 3.12 instruction events in target-source frames,"initial state, post-mutation boundaries, and return or unwind events in target-source frames",sum over the same complete state-observation series as StateSize,164370,bd95e7b031735e8675466b2ace9710aea598d24582ef85c2d2798bc2286b307d,eee4aef991fa5f910d83cf3a43eb2fc3a0adba793405179a81dde80ee355093c,fcbb94a01bd2ed3796ca4542625c3cbbfc5db85d4a7bbb0aae0c703fcc6f6c1c,1,1,[1123334],[10750],[1704789888],[164370]
problem-25,higher,short-trace-final,short-trace-final,sha256:a40a9795cb938fde800d3c6170d0c04fa0258cbef4e26485156c279ea570a1c9,682450,10738,1008410769,88,OK,CPython 3.12 instruction events in target-source frames,"initial state, post-mutation boundaries, and return or unwind events in target-source frames",sum over the same complete state-observation series as StateSize,99685,e31fd35ee492904181cae37478221d7f0b37da3131bda2b665dd2f5ea4172c0c,bb3d72b67713f2fea7bf6e32f7ab2f5d32d52d0149691e64628c9606ff28abbd,b1f1e68e9973ca42f839c0db94a6777166b6aece7a267206238b0706dbf2622b,1,1,[682450],[10738],[1008410769],[99685]
problem-25,higher,long-trace-final,long-trace-final,sha256:ea555a40d3f155ff207893e7327866c923e56b4bcc853fbea3e3ec27d9a3e419,1128410,10771,1688537779,88,OK,CPython 3.12 instruction events in target-source frames,"initial state, post-mutation boundaries, and return or unwind events in target-source frames",sum over the same complete state-observation series as StateSize,164142,e31fd35ee492904181cae37478221d7f0b37da3131bda2b665dd2f5ea4172c0c,1446a4b9ade45af7181f4a80a2114162fa4c346739647a45b55c1ba95b753934,65b98245f3efd450fa79926ee6340565da7abe8400fba3243a1527a09448ed2b,1,1,[1128410],[10771],[1688537779],[164142]
problem-25,higher,inside-loop-state,inside-loop-state,sha256:5e34e564ebcb950511aeb4040311983a4e917c9f539fe9bf740740d04ff82754,953509,10772,1450677610,89,OK,CPython 3.12 instruction events in target-source frames,"initial state, post-mutation boundaries, and return or unwind events in target-source frames",sum over the same complete state-observation series as StateSize,140195,71691751972feac3fc8082a24a73416ada46f3257f26699f689a0d7687c657c3,1446a4b9ade45af7181f4a80a2114162fa4c346739647a45b55c1ba95b753934,f8928c2009841531fb6dc4a6f1417f46dcb47ac54dd0d37d5155fdde6b0144cf,1,1,[953509],[10772],[1450677610],[140195]
problem-25,higher,post-loop-state,post-loop-state,sha256:75b110f0259dbaad71e4a3448a19097ec57bdd629d5281f6767d6860812b4c19,1099416,10771,1660597011,88,OK,CPython 3.12 instruction events in target-source frames,"initial state, post-mutation boundaries, and return or unwind events in target-source frames",sum over the same complete state-observation series as StateSize,159964,bd95e7b031735e8675466b2ace9710aea598d24582ef85c2d2798bc2286b307d,1446a4b9ade45af7181f4a80a2114162fa4c346739647a45b55c1ba95b753934,3faca1ab5f4caef153e6ff2b884c2d11df5a409b07c76fc468dcfdd3e1d3394f,1,1,[1099416],[10771],[1660597011],[159964]
problem-26,higher,short-trace-final,short-trace-final,sha256:d366caa8929075d65d1d7b7db9700b9131f161a1ac0faff603b289cf7c5bce85,664411,10741,990893735,88,OK,CPython 3.12 instruction events in target-source frames,"initial state, post-mutation boundaries, and return or unwind events in target-source frames",sum over the same complete state-observation series as StateSize,97956,e31fd35ee492904181cae37478221d7f0b37da3131bda2b665dd2f5ea4172c0c,6c59ca30f0ad0dec63898e38f0244c2248fe979d21711945f6314f5eaf8dfcfc,c75b2a7b74fb393ad314b7d3b4dff4aeef906e787dc0c0d39922d3c911bf86d8,1,1,[664411],[10741],[990893735],[97956]
problem-26,higher,long-trace-final,long-trace-final,sha256:8a0a9d72ece310a0393e6f8cd6161daa9fc85ca793d8f7a5effe7867b7b3610e,1113386,10746,1664953995,88,OK,CPython 3.12 instruction events in target-source frames,"initial state, post-mutation boundaries, and return or unwind events in target-source frames",sum over the same complete state-observation series as StateSize,162056,e31fd35ee492904181cae37478221d7f0b37da3131bda2b665dd2f5ea4172c0c,a0d40ea2e4db693d551fc4f86fed06c1175d521d97f14627193b855910ff875a,fdfa289cb89328ac39d66f9bdab550573a556533f9c87ca41c111a740e23b0ce,1,1,[1113386],[10746],[1664953995],[162056]
problem-26,higher,inside-loop-state,inside-loop-state,sha256:f9a0bdb83416f8938c7ae733c1f802841b3746ef0e2c9c69f4dfcd271e42f429,933361,10747,1425493185,89,OK,CPython 3.12 instruction events in target-source frames,"initial state, post-mutation boundaries, and return or unwind events in target-source frames",sum over the same complete state-observation series as StateSize,137941,71691751972feac3fc8082a24a73416ada46f3257f26699f689a0d7687c657c3,a0d40ea2e4db693d551fc4f86fed06c1175d521d97f14627193b855910ff875a,8a7b6eb63636ecada05a8d6881014e98f5db97a824964ffcfdc18d32413bca88,1,1,[933361],[10747],[1425493185],[137941]
problem-26,higher,post-loop-state,post-loop-state,sha256:09ad9f965884b1ca88246bf427ed30c073b3774cda0e3f8b1ba5fcb8a52876f0,1084392,10746,1637025804,88,OK,CPython 3.12 instruction events in target-source frames,"initial state, post-mutation boundaries, and return or unwind events in target-source frames",sum over the same complete state-observation series as StateSize,157878,bd95e7b031735e8675466b2ace9710aea598d24582ef85c2d2798bc2286b307d,a0d40ea2e4db693d551fc4f86fed06c1175d521d97f14627193b855910ff875a,51279053c0559705ac837275215e75e2ad92871c75ec525b41008e4f1dc670a8,1,1,[1084392],[10746],[1637025804],[157878]
problem-27,higher,short-trace-final,short-trace-final,sha256:ac06f4eaa7953cf90f5b0f2b52580f1e113358761701f25264564a9119eed893,668322,10749,992994367,88,OK,CPython 3.12 instruction events in target-source frames,"initial state, post-mutation boundaries, and return or unwind events in target-source frames",sum over the same complete state-observation series as StateSize,98149,e31fd35ee492904181cae37478221d7f0b37da3131bda2b665dd2f5ea4172c0c,b40b5baa00223873938f8d288b49274014a25b7282c3e0e859cf4fb08bb3f307,939612cec79fd8ec3006c5b2221bb64f9aae074d7fe2c214f2499e4e2a12edd3,1,1,[668322],[10749],[992994367],[98149]
problem-27,higher,long-trace-final,long-trace-final,sha256:1d4d6eaa0d724ed2eabbd6de906e694e29956478548df760cda79767a3d420aa,1134258,10746,1707495177,88,OK,CPython 3.12 instruction events in target-source frames,"initial state, post-mutation boundaries, and return or unwind events in target-source frames",sum over the same complete state-observation series as StateSize,166060,e31fd35ee492904181cae37478221d7f0b37da3131bda2b665dd2f5ea4172c0c,2d9c295694d2fd311b79ce05420f711117a386a29fbc2a56d0ed806d26644fcc,de5bde55918b796115c343dbc884f76bcb3edd422a7eb7de3ed7c9aac7e69c9e,1,1,[1134258],[10746],[1707495177],[166060]
problem-27,higher,inside-loop-state,inside-loop-state,sha256:e8a7fd6ede3a54a7a6c46ba71aa8095c7036f8a67282fd35936d92bd03911640,956840,10747,1466366333,89,OK,CPython 3.12 instruction events in target-source frames,"initial state, post-mutation boundaries, and return or unwind events in target-source frames",sum over the same complete state-observation series as StateSize,141784,71691751972feac3fc8082a24a73416ada46f3257f26699f689a0d7687c657c3,2d9c295694d2fd311b79ce05420f711117a386a29fbc2a56d0ed806d26644fcc,690619dc0e1804bf737c1487c5654726ead0a25e26c1e76f98f0855f2279365e,1,1,[956840],[10747],[1466366333],[141784]
problem-27,higher,post-loop-state,post-loop-state,sha256:ec560b955bdd3cfdd9c93d7e5e9dec52b80d640de2b6aef03d7e59ab46ae487f,1105264,10746,1679542193,88,OK,CPython 3.12 instruction events in target-source frames,"initial state, post-mutation boundaries, and return or unwind events in target-source frames",sum over the same complete state-observation series as StateSize,161882,bd95e7b031735e8675466b2ace9710aea598d24582ef85c2d2798bc2286b307d,2d9c295694d2fd311b79ce05420f711117a386a29fbc2a56d0ed806d26644fcc,a9979b0a306a30be57251079f66ef12816bc0f0e856c840a4ac9387e8150b01e,1,1,[1105264],[10746],[1679542193],[161882]
problem-28,higher,short-trace-final,short-trace-final,sha256:e48fd34b81d40474be4f17f911d0be54f3f4d0dcb7dcf485fbc4396c61acb108,714229,10744,1062800798,88,OK,CPython 3.12 instruction events in target-source frames,"initial state, post-mutation boundaries, and return or unwind events in target-source frames",sum over the same complete state-observation series as StateSize,104781,e31fd35ee492904181cae37478221d7f0b37da3131bda2b665dd2f5ea4172c0c,d9114e212d7e93e77a54ab86e83606196f1a0f00ab3b6bdf8027be5d3317ac5c,acaecf44f5999644fc63a1f315266e15927a29185dccf6d59a5fb99dbd24029c,1,1,[714229],[10744],[1062800798],[104781]
problem-28,higher,long-trace-final,long-trace-final,sha256:eac890193eab32fcb83a9b96b1975d2ec0850ff443479a8e9fc22322b0fef1a3,1202298,10755,1810527588,88,OK,CPython 3.12 instruction events in target-source frames,"initial state, post-mutation boundaries, and return or unwind events in target-source frames",sum over the same complete state-observation series as StateSize,175702,e31fd35ee492904181cae37478221d7f0b37da3131bda2b665dd2f5ea4172c0c,3cf9fa349356e9a19dd59cc6348f453d491cde4dea97eff881c3c4d47be302a4,c05a26c7af91286c98811315e600cacff5cd4eac0f63bdca13fbb4bec9f37894,1,1,[1202298],[10755],[1810527588],[175702]
problem-28,higher,inside-loop-state,inside-loop-state,sha256:8e7497c27f25952db2771db8b7d65a445fec890474e0eaf363433912b4448d98,968151,10756,1481491890,89,OK,CPython 3.12 instruction events in target-source frames,"initial state, post-mutation boundaries, and return or unwind events in target-source frames",sum over the same complete state-observation series as StateSize,143048,71691751972feac3fc8082a24a73416ada46f3257f26699f689a0d7687c657c3,3cf9fa349356e9a19dd59cc6348f453d491cde4dea97eff881c3c4d47be302a4,025a7b710068f78c310d7d1a1fd6612d8dd59024292717b6078781b1d40f5c75,1,1,[968151],[10756],[1481491890],[143048]
problem-28,higher,post-loop-state,post-loop-state,sha256:eb32ac1b648907af496e87af77869c7d270abcf1a78e35194aff1abc7aad9814,1173304,10755,1782536347,88,OK,CPython 3.12 instruction events in target-source frames,"initial state, post-mutation boundaries, and return or unwind events in target-source frames",sum over the same complete state-observation series as StateSize,171524,bd95e7b031735e8675466b2ace9710aea598d24582ef85c2d2798bc2286b307d,3cf9fa349356e9a19dd59cc6348f453d491cde4dea97eff881c3c4d47be302a4,7fb17e4ea03e1ed5cde7c50905a9eb877dc57447da646031f483a2d33c1e9dff,1,1,[1173304],[10755],[1782536347],[171524]
problem-29,higher,short-trace-final,short-trace-final,sha256:4ecced26b7df8a9b75c98baa33550ead17ba2313bbb605c2d1cb7baa2e29a52e,699583,10749,1038443888,88,OK,CPython 3.12 instruction events in target-source frames,"initial state, post-mutation boundaries, and return or unwind events in target-source frames",sum over the same complete state-observation series as StateSize,102463,e31fd35ee492904181cae37478221d7f0b37da3131bda2b665dd2f5ea4172c0c,b53216b6147993e41612cf3d2675d523e2a5ea45b91947e6bc4d11917afb3bb0,f8c7cf678c117ec1e3a5caccacb90f9481db7d7f0be5ed7f66dfbf1d9b5bc3c0,1,1,[699583],[10749],[1038443888],[102463]
problem-29,higher,long-trace-final,long-trace-final,sha256:dafab6181d512ecf0c71e74b5f580d6000813124811287d4fc852c2b145c4d20,1183012,10743,1786079483,88,OK,CPython 3.12 instruction events in target-source frames,"initial state, post-mutation boundaries, and return or unwind events in target-source frames",sum over the same complete state-observation series as StateSize,173555,e31fd35ee492904181cae37478221d7f0b37da3131bda2b665dd2f5ea4172c0c,3d4f46f85aed83deff92a54e33161b987b5c0db137678553e040eac6b82ce5c4,11df92f2a965da1e5153b3fbccaf0fe1bfdf38d8ef7b00a76a7860c36968afcd,1,1,[1183012],[10743],[1786079483],[173555]
problem-29,higher,inside-loop-state,inside-loop-state,sha256:6055ac1e5575ce92574c3669a2a3eb367092c36fb132bfce0cca3260851140e2,975089,10744,1492855257,89,OK,CPython 3.12 instruction events in target-source frames,"initial state, post-mutation boundaries, and return or unwind events in target-source frames",sum over the same complete state-observation series as StateSize,144291,71691751972feac3fc8082a24a73416ada46f3257f26699f689a0d7687c657c3,3d4f46f85aed83deff92a54e33161b987b5c0db137678553e040eac6b82ce5c4,df13597f4ffa115fe8b6f4636df5cca96ab290ac80f7f71f6f186e5d9ece6e33,1,1,[975089],[10744],[1492855257],[144291]
problem-29,higher,post-loop-state,post-loop-state,sha256:266a35b82d6b7b97b632edbdec2e61ad18b6191c9dc4722cceec06e6f7cf3e7b,1154018,10743,1758180386,88,OK,CPython 3.12 instruction events in target-source frames,"initial state, post-mutation boundaries, and return or unwind events in target-source frames",sum over the same complete state-observation series as StateSize,169377,bd95e7b031735e8675466b2ace9710aea598d24582ef85c2d2798bc2286b307d,3d4f46f85aed83deff92a54e33161b987b5c0db137678553e040eac6b82ce5c4,a31ee502c6dbe92a5235d6968ba6ebf933c3f2ec141efb33628d9f7b5aa123a5,1,1,[1154018],[10743],[1758180386],[169377]
problem-30,higher,short-trace-final,short-trace-final,sha256:84ea88c1bf723ea51c2ae8d1c8fe25aa5d3dc5be93e0882e4f0cf0be0e4137bb,635734,10726,940031874,88,OK,CPython 3.12 instruction events in target-source frames,"initial state, post-mutation boundaries, and return or unwind events in target-source frames",sum over the same complete state-observation series as StateSize,93182,e31fd35ee492904181cae37478221d7f0b37da3131bda2b665dd2f5ea4172c0c,8ce0655afdd31e3837375523c76cb13dc5862e91ca58e64d9a282b8e7ce2e8f5,533615f40211c0f72e6a7de7e25e6efa0976aa4dfe735f1afab7faddb6df8a91,1,1,[635734],[10726],[940031874],[93182]
problem-30,higher,long-trace-final,long-trace-final,sha256:c2098a098a924cecff89d4a804a7f8d840ecd0538821c278601a32140bcca3f8,1138793,10787,1715866385,88,OK,CPython 3.12 instruction events in target-source frames,"initial state, post-mutation boundaries, and return or unwind events in target-source frames",sum over the same complete state-observation series as StateSize,166746,e31fd35ee492904181cae37478221d7f0b37da3131bda2b665dd2f5ea4172c0c,f1240a816234b38b762c2128c8d447cac5a9faf34f44dfed818d6c94e3996f06,59c667ac35a43c970d675acb3c9964ea855aac8a3cd13adb12b2c54ee591c1ce,1,1,[1138793],[10787],[1715866385],[166746]
problem-30,higher,inside-loop-state,inside-loop-state,sha256:4956e45be9ac9fea2c36667b16c62bb1d6f435004d42c4e4b3b34a6a2de2fa26,981391,10788,1498251777,89,OK,CPython 3.12 instruction events in target-source frames,"initial state, post-mutation boundaries, and return or unwind events in target-source frames",sum over the same complete state-observation series as StateSize,144653,71691751972feac3fc8082a24a73416ada46f3257f26699f689a0d7687c657c3,f1240a816234b38b762c2128c8d447cac5a9faf34f44dfed818d6c94e3996f06,e2782426e4ea25a95a146e213f4e559d8529fb0bc4bcec39debaf33069d239b5,1,1,[981391],[10788],[1498251777],[144653]
problem-30,higher,post-loop-state,post-loop-state,sha256:e69e021f535c9d0fc24b0101f47f65371d3832409890cf0484859bf2d6e98e0b,1109799,10787,1687925298,88,OK,CPython 3.12 instruction events in target-source frames,"initial state, post-mutation boundaries, and return or unwind events in target-source frames",sum over the same complete state-observation series as StateSize,162568,bd95e7b031735e8675466b2ace9710aea598d24582ef85c2d2798bc2286b307d,f1240a816234b38b762c2128c8d447cac5a9faf34f44dfed818d6c94e3996f06,eade80b5a7612a969c225b384d839eecff9ea77303a960742995aa06603108fc,1,1,[1109799],[10787],[1687925298],[162568]
