problem_id,arm,static_profile,source_input_execution_profile,prediction_target_profile
codecontests-test-1580f,short-trace-final,original,short-trace-final,short-trace-final
codecontests-test-1580f,long-trace-final,original,long-trace-final,long-trace-final
codecontests-test-1580f,inside-loop-state,inside,inside-loop-state,inside-loop-state
codecontests-test-1580f,post-loop-state,post,post-loop-state,post-loop-state
codecontests-test-1615g,short-trace-final,original,short-trace-final,short-trace-final
codecontests-test-1615g,long-trace-final,original,long-trace-final,long-trace-final
codecontests-test-1615g,inside-loop-state,inside,inside-loop-state,inside-loop-state
codecontests-test-1615g,post-loop-state,post,post-loop-state,post-loop-state
codecontests-test-1599d,short-trace-final,original,short-trace-final,short-trace-final
codecontests-test-1599d,long-trace-final,original,long-trace-final,long-trace-final
codecontests-test-1599d,inside-loop-state,inside,inside-loop-state,inside-loop-state
codecontests-test-1599d,post-loop-state,post,post-loop-state,post-loop-state
codecontests-test-1603e,short-trace-final,original,short-trace-final,short-trace-final
codecontests-test-1603e,long-trace-final,original,long-trace-final,long-trace-final
codecontests-test-1603e,inside-loop-state,inside,inside-loop-state,inside-loop-state
codecontests-test-1603e,post-loop-state,post,post-loop-state,post-loop-state
codecontests-test-1608f,short-trace-final,original,short-trace-final,short-trace-final
codecontests-test-1608f,long-trace-final,original,long-trace-final,long-trace-final
codecontests-test-1608f,inside-loop-state,inside,inside-loop-state,inside-loop-state
codecontests-test-1608f,post-loop-state,post,post-loop-state,post-loop-state
codecontests-test-1615h,short-trace-final,original,short-trace-final,short-trace-final
codecontests-test-1615h,long-trace-final,original,long-trace-final,long-trace-final
codecontests-test-1615h,inside-loop-state,inside,inside-loop-state,inside-loop-state
codecontests-test-1615h,post-loop-state,post,post-loop-state,post-loop-state
codecontests-validation-1552g,short-trace-final,original,short-trace-final,short-trace-final
codecontests-validation-1552g,long-trace-final,original,long-trace-final,long-trace-final
codecontests-validation-1552g,inside-loop-state,inside,inside-loop-state,inside-loop-state
codecontests-validation-1552g,post-loop-state,post,post-loop-state,post-loop-state
codecontests-validation-1569f,short-trace-final,original,short-trace-final,short-trace-final
codecontests-validation-1569f,long-trace-final,original,long-trace-final,long-trace-final
codecontests-validation-1569f,inside-loop-state,inside,inside-loop-state,inside-loop-state
codecontests-validation-1569f,post-loop-state,post,post-loop-state,post-loop-state
codecontests-validation-1572e,short-trace-final,original,short-trace-final,short-trace-final
codecontests-validation-1572e,long-trace-final,original,long-trace-final,long-trace-final
codecontests-validation-1572e,inside-loop-state,inside,inside-loop-state,inside-loop-state
codecontests-validation-1572e,post-loop-state,post,post-loop-state,post-loop-state
codecontests-validation-1553h,short-trace-final,original,short-trace-final,short-trace-final
codecontests-validation-1553h,long-trace-final,original,long-trace-final,long-trace-final
codecontests-validation-1553h,inside-loop-state,inside,inside-loop-state,inside-loop-state
codecontests-validation-1553h,post-loop-state,post,post-loop-state,post-loop-state
codecontests-test-1608e,short-trace-final,original,short-trace-final,short-trace-final
codecontests-test-1608e,long-trace-final,original,long-trace-final,long-trace-final
codecontests-test-1608e,inside-loop-state,inside,inside-loop-state,inside-loop-state
codecontests-test-1608e,post-loop-state,post,post-loop-state,post-loop-state
codecontests-validation-1572d,short-trace-final,original,short-trace-final,short-trace-final
codecontests-validation-1572d,long-trace-final,original,long-trace-final,long-trace-final
codecontests-validation-1572d,inside-loop-state,inside,inside-loop-state,inside-loop-state
codecontests-validation-1572d,post-loop-state,post,post-loop-state,post-loop-state
codecontests-test-1617e,short-trace-final,original,short-trace-final,short-trace-final
codecontests-test-1617e,long-trace-final,original,long-trace-final,long-trace-final
codecontests-test-1617e,inside-loop-state,inside,inside-loop-state,inside-loop-state
codecontests-test-1617e,post-loop-state,post,post-loop-state,post-loop-state
codecontests-validation-1567f,short-trace-final,original,short-trace-final,short-trace-final
codecontests-validation-1567f,long-trace-final,original,long-trace-final,long-trace-final
codecontests-validation-1567f,inside-loop-state,inside,inside-loop-state,inside-loop-state
codecontests-validation-1567f,post-loop-state,post,post-loop-state,post-loop-state
codecontests-validation-1574f,short-trace-final,original,short-trace-final,short-trace-final
codecontests-validation-1574f,long-trace-final,original,long-trace-final,long-trace-final
codecontests-validation-1574f,inside-loop-state,inside,inside-loop-state,inside-loop-state
codecontests-validation-1574f,post-loop-state,post,post-loop-state,post-loop-state
codecontests-test-1580b,short-trace-final,original,short-trace-final,short-trace-final
codecontests-test-1580b,long-trace-final,original,long-trace-final,long-trace-final
codecontests-test-1580b,inside-loop-state,inside,inside-loop-state,inside-loop-state
codecontests-test-1580b,post-loop-state,post,post-loop-state,post-loop-state
codecontests-test-1599j,short-trace-final,original,short-trace-final,short-trace-final
codecontests-test-1599j,long-trace-final,original,long-trace-final,long-trace-final
codecontests-test-1599j,inside-loop-state,inside,inside-loop-state,inside-loop-state
codecontests-test-1599j,post-loop-state,post,post-loop-state,post-loop-state
codecontests-validation-1569e,short-trace-final,original,short-trace-final,short-trace-final
codecontests-validation-1569e,long-trace-final,original,long-trace-final,long-trace-final
codecontests-validation-1569e,inside-loop-state,inside,inside-loop-state,inside-loop-state
codecontests-validation-1569e,post-loop-state,post,post-loop-state,post-loop-state
codecontests-test-1586f,short-trace-final,original,short-trace-final,short-trace-final
codecontests-test-1586f,long-trace-final,original,long-trace-final,long-trace-final
codecontests-test-1586f,inside-loop-state,inside,inside-loop-state,inside-loop-state
codecontests-test-1586f,post-loop-state,post,post-loop-state,post-loop-state
codecontests-validation-1556f,short-trace-final,original,short-trace-final,short-trace-final
codecontests-validation-1556f,long-trace-final,original,long-trace-final,long-trace-final
codecontests-validation-1556f,inside-loop-state,inside,inside-loop-state,inside-loop-state
codecontests-validation-1556f,post-loop-state,post,post-loop-state,post-loop-state
codecontests-test-1598f,short-trace-final,original,short-trace-final,short-trace-final
codecontests-test-1598f,long-trace-final,original,long-trace-final,long-trace-final
codecontests-test-1598f,inside-loop-state,inside,inside-loop-state,inside-loop-state
codecontests-test-1598f,post-loop-state,post,post-loop-state,post-loop-state
codecontests-test-1620g,short-trace-final,original,short-trace-final,short-trace-final
codecontests-test-1620g,long-trace-final,original,long-trace-final,long-trace-final
codecontests-test-1620g,inside-loop-state,inside,inside-loop-state,inside-loop-state
codecontests-test-1620g,post-loop-state,post,post-loop-state,post-loop-state
