problem_id,profile,source_sha256,Omega_CC
codecontests-test-1580f,original,14ddc455906166c8cc9ba66260dd1ee85ca6354b865eda03f0f3871dae33ae17,42
codecontests-test-1580f,inside,bfcc98152560bffe5dfc4d96ac7ad6087d8a47a1cf596714f45a7366a323508a,50
codecontests-test-1580f,post,8526c634fe8de6d447557c0456ea3013ff50b851688579983204c869ac4dcb57,50
codecontests-test-1615g,original,ad373333e07dc4e3b058568facb985af09bac3ef8991907c430b33236999f394,84
codecontests-test-1615g,inside,acc1b2cc8cfb5ad702c4fd69f49f49e609d604888c2fc3c44a8fa83a57d3de81,92
codecontests-test-1615g,post,0933389f16bc0f8f1a15f83914fd800b2881de1ed6b02e9104c48207b1cde312,92
codecontests-test-1599d,original,933b32aa65d3b25d1afa06e801f5b72dff619eaf7fc4ac6a4a0270e85d49214c,86
codecontests-test-1599d,inside,0a2dad56c9e815f7f708d26c2a62b89ce07f5ea76c71a50f36d86924cf05b943,94
codecontests-test-1599d,post,aa9020619d95e0c11306c231f42dc16fbedc1b8833557cfba9a3855ceab5d625,94
codecontests-test-1603e,original,d7fe25a19d626e555247a54b1650138c821111d60e20cca5c73ec3112ca1e525,24
codecontests-test-1603e,inside,f3186b205da6d6dcc9ea29d1c2d2e8b3e694f96a5c55cf87108c065fb309d17d,32
codecontests-test-1603e,post,f412e755c350f9ce1c88cfff52e57c62ae92474f822504d6558ee65de9e4ed4d,32
codecontests-test-1608f,original,3b1188cf9f4294e77fd38eb7d8098dfcfb19fbdd0ef6e9a3fe8d63adfeb2abbf,25
codecontests-test-1608f,inside,9864fd100347bbad0e115c788da3250c68253007614da622a5ee02799527370f,33
codecontests-test-1608f,post,ef77878c7f3b869738b3ff6a4965c679f33909d0914e136f66f6c522b7b20c01,33
codecontests-test-1615h,original,a71a99b21177af38ad289c00ff979be40a690e727f285153ed3faee690b3a321,37
codecontests-test-1615h,inside,bb1f2ab66b584a159dee436bfee61e9740c864d881dce54d93f0220164d96c1a,45
codecontests-test-1615h,post,6bac151ec0f25226a8145178cf0e367fb811beb86ff6196070e20565c4d00642,45
codecontests-validation-1552g,original,89b65341f1c6fe3a0a9df0a69ade235027daa7f39d3002954f6f632919791b3f,18
codecontests-validation-1552g,inside,feb96da038972104d010503bb0068d9694d4cebae2d34993c61d2dcd7002c600,26
codecontests-validation-1552g,post,b5f0a9481460f80246bf1a24dda90224f8dc49a793565d9ab27a357e86c4e053,26
codecontests-validation-1569f,original,2301e337b5fb3f9549acef3c07f9bd5019e6234c7a2311a7c4f57763e18e5b83,60
codecontests-validation-1569f,inside,bd6341080b17f11d66607db0012ce4f3cf4107ce205c35c39ff21ea2a4d40857,68
codecontests-validation-1569f,post,9b44483ac309757aa4c354b7152a87dcbcef7f14befc99fd5d5420fba2550477,68
codecontests-validation-1572e,original,c6871efc570f44806a970f43053b081d731f519c2b4a95b2aa54ee53df958fcf,28
codecontests-validation-1572e,inside,a29023c7f4c26bae0b4eef37581882d729a33402e3f2d96d9c4e4e82f216cc0f,36
codecontests-validation-1572e,post,437fad31af4f51960c3b7aff0ceecd6ad236aeccd08417e320d5ef307f021027,36
codecontests-validation-1553h,original,6e44abb67b8129df7e6c9c2bb7f0603020a46107f0b5aaa85480dcf00b6d8ee5,23
codecontests-validation-1553h,inside,261f2a5460690985d0feaadb3435366c997ed89f15809dc921c0a13726ae899d,31
codecontests-validation-1553h,post,a0fc871a1b48fb4e584cbafab20aa03968f5864a8503fcc17f35616d670b41fb,31
codecontests-test-1608e,original,646dbc65fdea7bc8e3170908e4578902800b470e97d05e2454f0d26884e92df7,76
codecontests-test-1608e,inside,667c28dbcfd364ae586ae9cd21bf6fd959db38f0147f2a6cb6289ec447eb9a22,84
codecontests-test-1608e,post,b3c2da25bedf53cb9761b05fae26f46e4cf88607b5e31132dd26180b52bbaf2b,84
codecontests-validation-1572d,original,4ef728a87836baeb0af64467718c76401006223c75d5b80c74b59eb56b109b72,37
codecontests-validation-1572d,inside,e4be3de81a2d2af89166e441b8d5adf8e73d19e2c217707d996b1af00c028ff1,47
codecontests-validation-1572d,post,10b3ea8d407a851cbb94d856638ba9ee3b5658eb0b43ab595c686887ee58e23a,47
codecontests-test-1617e,original,c416bb8d3b25fd4c76bdb6e17ff595707f9479e2af79b63f90090979b8df2512,128
codecontests-test-1617e,inside,395db0129fb099ac1b5af30458379f3c64b2c8e1ba3267544689e9a721e0a1a2,136
codecontests-test-1617e,post,a34fa455cb2724c38f9fc74f8d38161dbfbff4a0a0d9c9c94c1bfa734b45a015,136
codecontests-validation-1567f,original,1d2e0467d959ffad5c713fa10c2142c44b5f542e00ce390504aea6f73e976053,42
codecontests-validation-1567f,inside,05cf93795d2245abb6f842b4f278fe70746b159f5aba398e285981a3d3ab0415,50
codecontests-validation-1567f,post,91b04a25af0d8354eca4b22a5c307be7e0d71719c1e56c1036c67f37cec6a7d0,50
codecontests-validation-1574f,original,7daa73692acaf41812edcde3c45ecdfa6e0c91a99ce6e3557836323cf0386084,86
codecontests-validation-1574f,inside,54d2aa075790d96b16094d1110b1ff4cc42e649f39b55cf10a14e19f5a25bdd0,96
codecontests-validation-1574f,post,121cb978200a7d65abf8d20a567bf9a991547f94cb17d49e90c39970b27fb179,96
codecontests-test-1580b,original,e49cc24f56c43dda6796ffbf38185eb1f4f689c19e9ec2b7010717fbd33f09cd,21
codecontests-test-1580b,inside,de821758d705b3efd9657c5b7021e5d724533788eed2c97f5213f6ee05a90127,29
codecontests-test-1580b,post,651daa060f41dcbf742f65839b776fde4796201d3b99d00773278bba61645417,29
codecontests-test-1599j,original,ab4e36e90fc02ef9ec4e2ca7dec9cf4caee8e6aaeed78b0ea3ac83c28ac8147c,55
codecontests-test-1599j,inside,b327432c0b51f79599142f457651ed07c753892f7bc8fc32eae261455a14a8df,63
codecontests-test-1599j,post,3435dafe215df6aaa0d67c6cfc947efc0a0e44650fe50967a6ba0b248d4b7fe6,63
codecontests-validation-1569e,original,d7b30d4383431a38ca1bd0ea4847aec892b939921afb04a5e0975d8dfe5a98c9,47
codecontests-validation-1569e,inside,8c7846a3a40110fa05257b67da8e6f63f945c711305a1df88b97e8d00396db64,55
codecontests-validation-1569e,post,b6b18517a3e59e80fb145dd8b32144c363e2872690c8f1c80a42a71bbc7adff3,55
codecontests-test-1586f,original,50fa6366595a53ba7e82bd4bc65563c718c29a2a4b9c1b4e6f80fab5bdeabd90,13
codecontests-test-1586f,inside,c2fff1ad8c28452ca3e75e2efc59934a22d91572d3cde13bc7c743de6d34b147,21
codecontests-test-1586f,post,cf6f023469c0bb5ffbb00877e5468516893961999aa07f0ecb8ade5ed40b2096,21
codecontests-validation-1556f,original,67dbad2177030b263347ba9ff0c3aa5d2e1eb57d456d177fad25eee3f31a9a76,69
codecontests-validation-1556f,inside,0e7c6745273acd61e256dc45eed260d91a4acbd2606e470d7a226f83219ed9a3,79
codecontests-validation-1556f,post,355b4d9cf793a850c31de90bbad276f4be650b3ce01e56f464054f85d4c2ec45,79
codecontests-test-1598f,original,c86397161467c48a05a8a1c3b9d9cdc968122973e7759a52edbfee55607a0c48,13
codecontests-test-1598f,inside,f41875fa3f7692eefec1a62e67928717fb5e40acf042c603e3120e581750a59b,21
codecontests-test-1598f,post,cb278e842ab865add5e5b08afeae6d96c07cdcbf64ca0a38de643e3879f68585,21
codecontests-test-1620g,original,dc5b0364fffb69d059ac406180373038b2947bf8b018c0eb5ad6bdab89607c28,19
codecontests-test-1620g,inside,f68b5d2afda3ef6b63ec68b53e390dc857f47e5bdf2f3f2e1081414a31775f0d,27
codecontests-test-1620g,post,90b42a3a02b64368871b040777d72a1fae560ae9bae9612e2ab271e58b363cec,27
